id_venta,fecha,producto,cantidad,precio_unitario,id_cliente
f673b709-b93a-4dc3-872d-5c1b03bd3320,2024-08-14,money,10,65.31,1997
9c8793cd-a531-4850-9245-46129c243ea7,2024-06-30,they,16,73.15,1343
74464c4b-1cf6-4e51-9b3f-0c7c715b410e,2025-03-22,hospital,3,21.67,1658
2ab690f1-51cd-407a-b246-e60d8ba7420e,2024-05-15,white,16,44.11,1999
fef24abe-7cc6-4221-a96a-dc8be8c8e223,2025-04-27,economy,9,91.83,1427
2f597538-60ef-4705-bd64-1423418da6c5,2025-02-01,wait,14,39.46,1674
dc0f5d59-7b55-4661-a46d-03471aa0fb8c,2024-12-17,apply,5,90.92,1334
4294cdcf-95e1-499e-aa31-c6876ac54287,2025-05-01,phone,13,9.08,1083
e91f68ee-a4ed-4fd0-ac43-fd2862fdf247,2025-03-14,travel,10,11.22,1986
1956725c-4d83-4d77-a25a-1d1f27c77e8b,2024-06-21,push,15,18.49,1289
105558e7-a6cf-453b-88be-050dd4589d12,2025-05-02,form,20,59.98,1969
e3a4aad0-d23b-4532-870e-99d83b14958f,2024-07-16,evidence,10,39.77,1406
3aec5a5a-38f3-410a-a258-a4506ff8e64a,2024-09-08,free,2,53.9,1165
a8ff6f67-ca8d-414f-bfb2-52ccdc8c97d2,2024-07-07,life,4,88.34,1767
8f653e74-7535-42d1-bcbd-87dfac79fb93,2024-09-08,go,19,91.15,1660
d08701dc-ef54-4915-8447-122be45f8e74,2024-06-20,family,20,18.38,1379
534220eb-7a36-4c7b-b553-22832e6d6acf,2024-12-15,fast,7,83.6,1579
cd1da370-f2f9-4c73-b8a7-5def6cbf99ea,2024-08-03,push,14,89.74,1822
66117067-c866-408c-bd6a-4653a18f84bb,2024-11-01,serve,20,37.96,1533
bbb40ef7-266c-47c5-9755-aabe540ee124,2024-11-01,team,14,58.97,1227
dd9be43a-9eed-421d-97c1-62a9ee00ca8e,2024-09-26,notice,2,65.4,1010
55913d41-72d1-4cbf-8a10-bea4c3407e5a,2024-08-12,treatment,4,37.02,1003
2e7a074e-c574-43ac-8ffd-1d8484ab9a4e,2025-04-04,family,7,7.06,1184
d2d22850-3bcb-4015-bad9-f9812965954f,2024-08-17,class,3,39.6,1837
9f2f9b40-4b5a-4221-a6c8-416d4c078c9d,2024-10-14,health,16,69.86,1342
66edfd80-e4d5-4b42-81b3-21faa5f12394,2025-03-23,in,15,71.8,1574
4c724e59-1d2c-4577-8378-21785f392785,2024-11-20,be,14,27.44,1833
c3d40009-5599-4968-b71f-52011a25d460,2025-01-12,report,4,26.43,1826
67372040-57fd-4fa7-a6a8-9ea1cf7d856b,2024-07-27,mean,4,36.38,1392
70c08e0c-cb95-4d2c-80b8-abf1972665e2,2025-01-25,program,5,92.79,1004
310995cd-5393-4c17-b431-306e95203ed1,2024-11-30,choice,12,71.15,1762
8829a1b0-875c-491b-8f6f-acf6fa99b325,2025-03-23,each,7,15.69,1733
2c6cdec1-6f34-4e67-a6b7-934868624cc2,2025-02-27,election,4,86.54,1303
3479863e-7474-4ab0-b977-f4da233602e3,2025-05-03,serious,11,24.07,1223
d750df6d-0447-4d2c-8253-ff0859c79375,2024-08-10,century,13,15.24,1929
72d7ac8d-0cae-49e7-b854-fae8cd6304d7,2024-09-23,piece,18,23.51,1486
602d89a3-cc20-4ed7-b2f9-e4daed8b1378,2024-09-05,ready,11,40.09,1347
8084ff7c-9fb6-44ca-b8a3-8e974169d59d,2025-01-09,sell,5,59.0,1752
b7e82bca-d1cf-4ec2-8fa7-ecc4a0bd05c4,2025-01-09,director,8,65.71,1136
4e930d54-26af-4908-b3e3-8cc9c9c585c5,2025-04-05,choose,6,45.59,1435
2129af67-eb5d-49db-8dd1-ea7d668bffc6,2024-12-22,rest,2,48.17,1528
638a9ded-4396-437a-a099-a2032ad648e6,2025-03-10,fear,11,82.32,1530
354685c1-90be-42c7-a812-759c288bc627,2025-01-05,protect,12,25.99,1172
2291132e-d039-4151-8635-538d4a00293b,2024-08-04,speech,3,30.17,1803
c8469d7d-74c7-410d-941b-4e79490cf0fe,2024-05-21,front,13,94.92,1508
4ac625ba-1c24-4d8f-86bc-0e9fcd2fb4a9,2025-03-14,change,13,19.03,1815
708f95c6-af56-4ac8-972b-beec4c010e40,2024-06-11,fly,15,48.35,1656
1a118fb5-71e1-4978-b711-906f58087631,2024-10-16,seek,17,95.74,1642
63bd1e37-28d9-4827-b353-dbb74185b7e6,2025-02-20,manager,6,29.53,1719
e58e2ba8-7b28-48ca-bf43-a9db5c060cdc,2025-04-06,politics,6,28.53,1777
38d59a90-b356-4bbc-a5b5-c2053ad6cb28,2025-03-02,onto,8,93.14,1694
73da5b78-7672-44fb-96ec-e02fb0deba6f,2024-08-29,increase,13,21.73,1925
2e03fe13-903b-4e14-bb9c-2e68c63839c1,2024-12-31,woman,3,5.49,1398
5329ea14-a332-4924-8ffd-737a2d31ce60,2024-10-18,perhaps,9,91.89,1366
7a605551-efeb-4a19-b1f6-6edb8f587e00,2024-09-02,move,15,21.55,1667
21531a97-bcae-4731-b72c-0d176fbaa692,2025-03-09,claim,7,9.4,1584
d1da9040-7969-4533-a527-cae8a7f27615,2024-07-08,character,6,43.61,1017
378a5166-cf05-4868-a08a-5bc0fdd90503,2024-10-31,find,10,19.73,1093
5c8b6ddb-6d7e-41eb-9abb-2daa87f61f8c,2024-09-04,conference,1,30.18,1820
81f9f57c-1f1b-44cc-9c0b-cc6bb3670bf2,2024-06-16,real,18,21.78,1602
9d7f1c9a-f129-4f1b-988a-a00ae6bfa081,2025-05-02,fight,10,30.0,1301
4f7aee08-ed4d-49ff-8d9c-04a6fc42466b,2024-07-20,reduce,3,9.57,1330
9f2a8f17-7db0-4e6e-8e6b-bd45dc2084ed,2025-05-09,box,4,22.16,1712
8df5c368-ec0c-40dd-aa8e-93afd6f3edad,2024-10-18,ago,8,53.95,1541
229d7290-6797-4ead-a029-a7fe295ac598,2025-01-01,she,2,63.89,1625
e9641633-18e3-48b1-9b09-3b679316bad4,2025-01-06,small,6,60.57,1362
8edc3636-1e60-4a78-a4bf-9d1df8e9219b,2025-02-16,rule,8,75.97,1807
fecb72b1-a239-4c7e-bb7d-9eb0ea3ddede,2025-01-19,college,7,83.41,1203
2def896d-afb6-41ba-937f-2f422c747b73,2025-01-03,wear,5,95.78,1885
bc8dddc4-ecfa-41d1-9aed-5fe8eb0ed969,2024-12-30,store,7,87.99,1130
6372f9aa-cc8c-4bf1-a803-fad1cfb5773f,2024-06-24,no,6,43.48,1665
f3ee2ed4-a6b4-48fc-a404-4ff0e333c116,2024-12-09,class,18,90.68,1059
42cdd6ba-5e64-4327-a555-4e0d50e4da59,2025-01-09,forward,10,28.9,1613
eff56af1-2840-4ce0-b6cb-7e83267876d3,2024-05-29,door,2,52.37,1981
341a0f7f-64ad-4aa1-98da-b9440ffbea13,2025-02-18,ask,16,39.61,1209
31166817-7687-4cc5-96d9-1e888346e035,2024-12-12,defense,5,50.34,1611
90225ef2-fdb4-4593-9c4d-da562ea99d63,2024-09-13,possible,16,81.2,1651
b9bf7707-5a0e-4273-a53e-352e20c16d15,2025-01-04,imagine,3,16.31,1794
211c59d7-e6c3-46a4-b27c-f79ba40c07f2,2024-09-11,different,8,75.73,1316
2ef89075-4980-4d14-ba49-c4c53edc647c,2025-03-27,power,8,5.5,1377
414a8dc8-a2fd-4628-b7d3-3d921d82e0d2,2024-11-29,source,11,17.84,1745
1d2bcc12-a77b-4325-bf1f-07b4edf47942,2025-04-11,beat,2,56.57,1908
35d98f5a-8e3e-46aa-b73e-f7901895727b,2024-07-07,quite,17,58.27,1082
2c98e79c-19a1-497f-8a51-d6973420aea6,2025-02-20,serve,11,60.51,1887
ead13ba3-bc7d-49ca-901d-2b067e2050ff,2025-04-12,everything,14,36.75,1433
fc37e952-e436-43c7-be9f-71e31a01cbcb,2024-09-08,tend,8,91.87,1882
0cdc3a13-0103-4b21-a1d1-d36d9ba93ec3,2025-02-16,police,6,79.36,1653
c03bc5ab-5afb-467e-84f0-7bf355e9a97e,2025-03-01,sometimes,17,44.82,1871
f2e9003a-04de-457d-a293-412ed8b307ce,2025-02-06,those,17,41.35,1767
862ff49f-bcfa-4395-845a-731013286943,2025-02-07,drop,16,48.48,1214
81380f46-77ce-40bc-8095-752c74da6398,2024-07-15,money,16,9.27,1994
5486b8dc-336b-487d-9a12-1377bcce635b,2025-03-14,year,8,60.17,1388
b83d9af5-fed6-4c65-8529-b36f3327fadd,2025-02-22,anyone,10,86.84,1797
93e0a5c0-d3cb-4b8d-b70e-78a99fc17ceb,2024-10-14,must,17,13.45,1864
73c3312b-f06a-4ba0-b502-2dfae03362d5,2024-09-29,step,3,49.97,1989
5a983156-22b6-4ef4-b92f-8dde0b835a54,2025-03-16,material,12,64.63,1876
e58ea991-0478-4ae1-addf-e7796f005a45,2024-11-06,mention,16,85.29,1783
9f719462-bb6e-4ca1-86f1-f9ed76b959f4,2024-07-02,wonder,14,13.15,1060
165d35a5-e909-4706-a0b6-56bfe8c103e6,2025-03-02,your,16,24.41,1011
66cefff2-b6f8-4e3f-a6ac-a63d0e1c7665,2024-06-04,long,17,19.99,1699
773b2c5f-cc8a-4951-afff-1c32fe3fb017,2025-01-26,today,2,53.96,1648
c85f7472-98f7-469c-bb0e-57cb0d5b6fb9,2025-04-01,eight,18,10.39,1214
4035197d-8da3-4400-99f6-1378a05d2694,2025-05-13,bad,16,88.68,1920
e79b2332-fd55-456e-b1cd-e90e3a2d3554,2024-05-25,executive,16,90.14,1559
ab323c30-0ec6-4ba5-9a59-d4a5ca516f00,2024-07-29,story,7,14.78,1518
57b84c25-2b7b-4c42-a6b7-2e107419e6a7,2024-09-03,southern,6,52.17,1435
ee412e7f-48bd-4a9b-aa8a-10910d17fa96,2024-07-22,year,4,93.94,1898
7f3e652d-6402-40f4-8695-0ae2b6fb27ad,2025-04-24,think,9,51.52,1229
42716d7e-3396-4c40-9073-8d49cc1ef5fb,2025-02-24,financial,17,39.22,1315
9a7f917b-dc62-42d5-857a-7c4648738a99,2024-09-14,interest,12,88.89,1603
2686b06f-75e4-40c0-a7e9-67da76e5d882,2024-06-20,bag,9,41.7,1240
1e5cb143-7c93-4717-80d9-a3c3bea77265,2025-02-28,push,2,5.87,1782
b0cdf6d8-e64a-4440-aed8-f5b27bf1642a,2025-02-04,PM,2,93.5,1918
e7889709-6fd6-4d3e-94a5-b69f6ab0caf9,2024-08-27,practice,17,78.39,1128
a2a84077-dd46-4598-b30b-ce618a2ba792,2024-09-17,ready,14,54.86,1157
94012f2f-4766-465d-b6b0-73174d21bf26,2024-06-10,success,19,57.29,1590
32048f96-dea6-4f78-961e-a21d0c07cf9c,2025-01-12,us,9,73.22,1548
f3ab047a-06ae-430b-9acd-4cef199a3925,2024-09-21,experience,9,97.87,1029
5ee82dc7-9db5-4fa5-a5eb-38b02976c25c,2024-05-24,require,14,11.18,1214
4f0035af-9c96-48aa-8845-abdd7aa2e038,2024-09-22,program,10,33.8,1834
db64bf42-e649-479b-88f9-528394de3189,2024-06-13,market,3,7.58,1554
72e64bfa-b8dd-41bb-8b71-32604c40df05,2024-12-07,get,13,52.46,1519
ee842234-68e0-4d3a-8363-458e5ce29012,2024-12-21,his,4,82.71,1641
c2cf24c8-8e80-4e5f-b4fe-ef65b03162b6,2025-03-04,type,9,99.08,1707
9b9af937-bc66-44f0-913d-ac1f46f1d75a,2024-09-25,issue,9,85.44,1834
1c335b2a-4549-4bf5-9bb9-33e4c05261ce,2025-03-06,tax,3,18.17,1933
d2696236-dcea-4428-84d0-f8f9d7c867fd,2025-02-28,article,9,20.13,1473
b30b11f9-2b94-4a1b-9d42-09fd7c8c61e8,2024-06-26,adult,1,95.35,1443
a8432703-710b-4154-8674-796bb01134e3,2025-02-21,imagine,2,20.68,1994
7605d478-1f65-48b2-b469-df8c8c76683b,2024-06-12,miss,2,71.15,1131
956c6105-3407-4fe2-91c5-4b4fadc540c0,2024-05-27,design,14,83.4,1309
b1af18a9-b123-4037-830d-1d848a4f7cf1,2025-02-07,area,9,6.38,1414
922fd19a-3904-449c-998a-2918410b1a6b,2025-04-03,early,13,42.92,1374
29adae79-8941-460b-844a-c146b4e2b7ac,2025-04-01,probably,4,51.61,1282
97a98e4e-3ab4-42af-806c-2e489423e09a,2025-03-16,mother,3,78.16,1117
916c5bee-cadc-4938-956e-52d4a2c3cc29,2025-05-10,agency,3,12.45,1628
b466712f-c13f-4c80-b934-1a289bbe862b,2024-08-22,recently,17,33.38,1340
277cc57c-881e-4db0-a4d0-8bd12ceb7932,2024-05-25,individual,17,39.62,1468
e3cbbb08-7c85-49ea-b68e-e8d36c4f3d92,2025-03-28,family,7,46.63,1394
3c4598b7-9600-4994-9d40-a5b60b23e15e,2024-10-04,produce,20,46.76,1199
c8deccbb-b2a2-4049-a9dc-e1ef5fa61423,2024-05-25,service,8,86.72,1247
37674aa8-2d32-496a-a9d6-f65583e255b2,2025-04-11,drop,17,69.25,1079
71dc3f02-7367-4783-ba41-92045ae42e46,2024-11-28,thus,18,64.68,1484
8b535d22-31ba-4eb9-99ab-5eda2b6fe972,2025-01-04,probably,13,34.3,1227
28365aaa-4d30-48a3-990e-2fc2d1764a30,2024-08-22,why,19,85.11,1827
801cec5f-31f9-496a-b105-8fe9401c5794,2025-01-07,forward,9,40.38,1582
570cab73-fe7d-4db9-a56d-e6795507719d,2024-10-07,find,2,60.75,1207
39bacb5e-b045-4a69-8e3e-e64b0c168022,2025-01-05,ago,20,64.29,1986
856ef427-ad21-4f59-a5ab-5463526ff40f,2024-11-07,risk,20,46.6,1044
bc8a5793-4fcc-4a24-9f1b-b774a101d5c8,2024-07-03,so,8,87.8,1417
776b4abd-09e4-41bf-bbfb-3e4b6784587b,2024-11-28,information,5,15.36,1063
6c4854cd-e2a1-4973-b7dc-02c76acac7a3,2024-08-31,draw,7,18.29,1618
4c624ffc-b15f-4bd8-8094-640bf60844dd,2024-10-16,eat,1,57.55,1866
f7e9b0cc-2da9-42fc-bb5e-e2d5c6652f83,2024-06-24,throw,17,13.2,1535
270710f7-df79-49ff-8c2c-f0b71e3d6d7c,2024-07-28,stand,3,58.24,1368
9fe9b110-8eb5-4cf5-93ed-d363eaa99aaf,2024-08-19,reason,6,82.38,1297
757bb426-6f0a-408e-8e39-f8242c0198e7,2024-10-21,near,13,35.65,1575
2e672b92-4902-4bfd-a271-e900571ec258,2025-02-02,long,9,13.91,1795
54dcce4c-edb9-41d1-bad2-5651ee34b910,2025-02-27,fill,19,84.55,1813
d8c5366f-471a-40f5-a8f9-2795f32a3496,2024-05-30,whom,19,39.04,1808
30276c02-5395-4dea-83af-a8d9361d6770,2025-01-18,town,15,50.45,1036
938bdc1f-bf1e-47c9-848b-d62b5ff7a53a,2024-11-02,difficult,3,41.79,1513
f4a7542e-b9c9-4e4c-9665-83bbe092f879,2025-02-15,its,20,99.99,1527
d1184dfb-5ac1-4fcf-9034-5564a1df2949,2024-12-13,play,5,59.21,1831
07ef91ca-cd02-40ec-b60e-ad89c2b2c135,2024-08-10,past,13,17.8,1026
3c0830ee-568d-4e7b-8c4a-120352956ed6,2024-11-13,young,8,51.09,1118
355558e5-b95c-4789-8be0-0e7f60e45234,2024-10-23,allow,2,19.04,1079
0ff1ec1b-2bb4-4e97-8a93-aa0a80b78106,2025-03-31,cold,16,93.8,1500
5e20307b-f6e4-4031-99a8-280c85a71337,2024-12-29,ability,3,59.72,1486
571ba03c-bb14-4c96-b57e-d6db35fc2931,2024-07-25,important,14,55.71,1736
5d13f7e1-b6ee-4cc0-a392-34ac86a17efb,2024-06-04,music,8,23.33,1745
ebb9e9a3-8421-4922-9245-59626b0d8c0f,2025-04-07,increase,18,32.49,1042
90153e2b-2050-48a3-b79c-4113cba77a45,2024-11-21,maintain,15,48.85,1367
7e60bc88-331d-4a47-bdfe-c08b6f2a54b0,2024-12-23,goal,15,11.15,1062
16028d4f-5b31-41f1-a14b-f1f5ae9c1541,2025-03-13,much,1,15.23,1846
8e14d142-610d-460a-9f29-acfd1bb6f592,2024-12-07,trade,19,53.46,1965
18faeb98-c463-4be1-9501-9fa41cd31d1e,2024-11-04,heart,8,70.77,1031
4d1f7759-df4e-4ee0-95fa-cd901bc10589,2024-08-22,evidence,3,64.18,1229
651e6050-7dd3-4524-bd8b-91faf8bce97b,2024-10-28,you,7,32.3,1801
713afdb1-4e62-4440-84f6-43d8541ef7f7,2024-06-07,girl,17,18.68,1508
7223b48d-d76e-42ae-b5bf-00fa466efe9c,2024-10-15,interesting,10,18.49,1583
f307b6ed-1a8f-41b6-819c-d3f61d655574,2025-02-24,cut,17,97.43,1023
d1b92c30-8d57-46b0-a4a8-a4c787b2be9b,2024-08-15,nature,18,5.14,1487
15f82b01-9f0d-47e8-940d-37ca3d724fd1,2025-04-16,assume,4,41.67,1333
0411971f-0a2d-45f0-9105-d0f8d1e80ca0,2024-10-22,alone,8,96.13,1658
3798c81a-78da-4829-8335-731c27fc2e8d,2024-07-29,cup,5,60.5,1682
7890ea90-037b-4d8a-9887-4c9dea792c49,2025-04-29,trial,13,32.86,1261
4159a2db-ce60-410f-a5bd-4e2c3435a9ec,2024-10-22,offer,6,16.73,1275
0985f5de-36aa-40d6-800b-c030903271f5,2024-12-04,however,4,73.99,1509
bc62dc10-a6fc-4275-a2aa-59bce92df0ac,2024-07-28,property,7,78.15,1079
b7ca31ae-e26f-4754-b737-fba32b0928b7,2024-10-23,door,6,60.41,1037
839ce3ff-b9ac-47c7-9235-24afb289ca06,2024-07-10,employee,4,65.83,1140
3e2acfba-3550-4435-8410-f8a8678073cc,2024-10-04,base,14,50.91,1896
03498cb1-6f24-4e8f-b083-9b7b35ccfd4c,2024-06-20,blood,9,43.15,1931
0f74bdbc-7b5e-42d8-ab1e-bd77ed1f89f1,2025-01-01,report,17,97.11,1618
fcedb6a5-7af9-4549-89a6-7b57a1dde8a5,2024-07-31,unit,7,31.97,1037
8d77ef2c-981f-4362-81b2-8c3eb3f6c37b,2025-02-01,heavy,9,56.98,1194
f713d138-fb22-4aca-9fbb-a67362402a13,2024-05-24,our,11,98.77,1872
680d9979-53ad-4d36-95f8-5dbc312b08da,2024-08-24,save,11,78.96,1866
1fc578ee-991c-4e15-b3e5-f1e3a85b0bc3,2024-06-11,sing,10,25.75,1445
1316131b-5220-451d-b6bf-b776908ed8e4,2024-12-14,standard,13,95.88,1508
3ebface7-b0f3-4aa4-942a-baa370132340,2025-04-26,suffer,17,51.7,1920
0ea4ae65-ef7e-42df-90d9-2cd849853583,2024-06-06,usually,7,46.44,1655
073f5252-f8aa-4756-bf9c-5d4f26264722,2024-11-12,like,19,76.57,1462
c4f0b809-df1f-4546-8a86-f7053e121397,2025-02-04,laugh,2,39.9,1603
380ba0f8-34b8-445e-acb2-c808d5c7ef17,2024-12-17,spend,18,39.52,1232
840f0c77-2472-4637-8f4d-7c65716c9462,2024-07-05,pick,12,24.98,1770
551c191d-6707-4f3e-9f1b-6ad91eab928e,2024-12-23,decade,1,67.1,1074
94925dc2-ebb5-42c6-bb6c-c120759e60e3,2025-01-24,property,1,75.3,1732
6475c41e-ea75-4680-bdd6-87881d2d520d,2025-04-28,science,3,95.01,1730
8591f855-d75b-4f6e-86d5-11c4d9d813ce,2025-03-21,accept,2,12.51,1844
087d07dc-8657-43b0-bca4-25147226fd5b,2024-08-20,push,16,63.25,1598
b7df2339-b87f-453a-aa84-c501a4c1b5e5,2024-10-18,necessary,4,50.5,1283
b710a1f8-b149-4b69-94c9-a6fe25e4d359,2024-12-08,stuff,7,15.12,1000
e4fdda77-7865-4ed6-8e23-9223b32272db,2024-07-24,particular,17,39.8,1559
8b39acdd-e82b-4287-bc07-dcea7c6f53a7,2024-06-09,five,3,83.34,1788
18432e72-e0d6-4116-a19e-cbd8447aa796,2025-03-22,task,14,53.41,1103
b77420fc-edce-4062-9b3d-cd6d21a55f3e,2024-06-25,development,15,98.82,1457
56a341f1-cb90-4220-9e6f-d18c00d67ec5,2025-03-29,do,14,21.65,1179
d979f6bc-7a53-4319-86c3-041565ea2214,2024-06-12,mind,18,84.42,1262
ab0a1215-4e43-467c-95f9-e2806c92e7cd,2024-07-23,difference,2,40.58,1263
4460a0f6-2be3-4e4e-8b43-39d78acfb127,2025-01-17,establish,10,61.9,1425
9a6f6bf2-6143-447b-89c9-41aeac651e66,2025-01-25,big,4,66.85,1190
29818552-b4f9-4f79-8a34-33502dbb2636,2024-08-27,inside,8,45.62,1139
65bc761b-5603-430b-9847-fd9114aa4f83,2025-04-21,generation,3,33.56,1332
017b4eb0-cf11-4845-998b-38269e2eda96,2024-09-29,treatment,12,52.16,1795
8830e038-ba38-4ba5-9913-62e63502cac6,2024-08-13,money,20,5.85,1790
7d8a3a0d-c33a-4ddb-9cf0-4dc1439df897,2024-09-24,age,7,60.02,1211
97b7ec38-a828-487e-9e8f-1147a3185d5e,2024-10-27,change,12,11.9,1483
dc3947d9-b14b-47a3-80b8-82b4d1343e5d,2025-01-26,child,5,95.42,1395
ed6d44f0-2deb-4b21-9631-b3f1bfbff868,2024-12-07,tend,9,73.22,1362
0c22cf02-7163-4088-a5de-f7cbf6b3c18d,2024-09-14,authority,15,22.76,1375
a9df3fed-1003-4dae-8a71-257162c14cce,2025-02-25,audience,9,9.12,1313
2661350c-6687-46f2-935b-0c7fadfa5b5b,2024-08-06,hit,1,27.82,1275
5bea936b-538e-4197-9741-96838e80d7d9,2024-06-29,control,13,59.69,1455
2b8b6862-26f0-42c8-a036-7c7c8b39b45d,2024-11-29,gas,8,59.78,1535
cd53740c-c096-41cf-b1a1-801393ba045c,2024-08-06,recently,13,30.98,1780
a90ea8be-cc48-4131-94d2-7ae6131cd496,2025-05-03,decide,6,14.67,1976
22b33cb3-1a25-4678-849a-0698de0ace67,2024-12-26,pattern,13,72.91,1079
370311e2-ce9f-40af-a361-d40018492821,2024-05-28,involve,2,97.74,1889
33e3da62-b877-4595-af9a-9f17c05fbb63,2024-11-21,recently,8,5.0,1393
6f9513c7-0d47-4dd8-9e19-502fc3c61b9f,2024-11-24,decade,4,69.48,1408
5873fc72-2eae-4a90-8fbb-ed90718f59d3,2025-03-02,close,5,50.3,1415
6083a883-3378-445f-9ddb-29cd4652c17e,2024-06-02,amount,6,9.07,1413
49d3cc95-135a-4931-aac7-5a08e2a72bde,2024-09-17,season,20,59.16,1670
43b199f9-1f9d-4743-afad-ef4f9467b91b,2025-05-08,weight,7,48.25,1395
39649f27-07da-4f61-bd54-b209e6e6e821,2024-06-20,safe,19,30.08,1483
1464574f-b599-4e19-8cff-820dc194bcd9,2024-07-22,five,2,28.48,1692
e7c1eed7-d850-4201-9fbd-f554fab6be11,2024-08-04,media,14,76.59,1572
9e362d67-1972-40e8-a40d-f2c72ec95808,2024-12-27,plant,15,69.29,1068
2e431698-e815-457d-a0c4-76bd7cbe3814,2024-11-03,shoulder,14,37.75,1827
651a19e9-cdec-46c0-b0af-11cee4ad82a1,2024-08-15,accept,5,79.6,1763
acb02fd0-081a-422c-aa7b-0e123a2a838e,2025-03-02,various,19,23.47,1134
d46683ff-2680-46af-8310-698ad36ce7c8,2025-02-01,act,18,19.69,1543
43ab8cfa-4935-46e3-8ada-e15e8cf08629,2025-02-11,somebody,9,90.56,1339
80282755-884d-47f8-8dba-1a0ccf65cdd8,2024-07-25,husband,15,23.2,1908
40c0af38-6e39-44b2-a482-8ef0a4063d2b,2024-12-24,high,19,81.68,1460
ba6c10fb-683e-4513-bec9-628228c97304,2024-07-03,accept,8,13.79,1657
ea655aba-42d4-4b9d-8bde-ce3b8f3d514f,2024-05-31,section,3,38.76,1562
822af393-08fc-4397-8581-9277ad53b3b7,2025-03-27,recent,11,12.53,1479
b3abd903-6b8f-4a6d-b270-b8a28831dca7,2024-10-17,not,9,13.5,1804
54ffbe59-ab6c-4962-9a3d-828f4e384aa6,2024-10-12,arrive,10,24.9,1884
23cf633b-dab7-4ef7-ae47-6dbd4604ed76,2024-12-08,appear,1,78.64,1203
eed65b60-47e9-46b2-be04-77494d3b5033,2025-04-10,stock,9,49.55,1326
9e688824-3283-4c06-b714-d913a903aa5b,2025-03-30,various,18,31.34,1605
a0a3aa1b-5880-4f8e-8729-99aacb190609,2024-08-22,brother,19,23.4,1313
96fb637c-7e93-482b-93b6-7892654b938f,2024-08-13,reality,10,34.19,1770
7e0edf08-67e7-4792-bbec-ee9056a21a67,2024-05-15,attorney,4,83.18,1767
8c581b72-b1dd-4470-b488-ed12c72453c8,2024-08-27,her,1,24.75,1919
57c77ca1-f553-44fd-81b6-b8e6e50329f5,2025-01-18,choice,9,15.6,1627
5d35f4e5-ee30-468b-b71a-bd2f92872f7c,2024-08-31,even,7,35.29,1407
eac93e6b-8948-49dc-8a28-fc55f701270c,2024-11-11,turn,4,91.98,1801
bcaaadc4-04c8-4ec0-a04d-1a7b0d16e1d1,2024-05-14,likely,14,76.34,1422
6f776ab3-200e-4d47-90ba-10c37d52b5f6,2024-12-05,walk,1,58.65,1146
2bd62a76-749f-4d4a-91ce-f2ea8f54ae77,2024-07-06,high,15,13.29,1591
64238ee4-0a16-4088-9a1f-5d89eabc4b01,2025-02-27,more,12,25.94,1245
3e433a34-9cf7-40fb-9063-c7301156ef00,2025-03-22,military,2,36.76,1473
63f354ec-0485-4633-88d0-1360eca3da0c,2025-05-06,although,3,95.32,1811
79498c00-36fa-41b2-a4a0-88b3741455a6,2024-09-14,interview,6,16.35,1889
de419f30-b80a-4811-b0ca-7995d8f0cd2a,2024-11-08,measure,9,54.02,1601
f7051c03-0e5d-46c7-87cf-02247e1cd15c,2024-12-20,line,15,78.73,1542
05f2ff70-1d7b-41fb-9045-255dcb5f6995,2025-01-12,almost,10,17.04,1879
e680bb61-47f4-48d5-8893-198a92a8e847,2025-04-30,return,6,97.39,1355
eadd56dd-6278-440c-ad68-bf8d6f9f27b8,2024-07-29,same,10,64.29,1324
08d31f0b-3056-46ee-8f3e-b308ae2c83d2,2024-12-12,party,18,39.41,1551
714f299c-9c00-46e6-b079-ff9048339e4a,2025-03-07,effect,11,12.71,1943
9a52873e-a64b-48b8-ba95-db0dd69a27f4,2024-09-27,sea,20,27.47,1340
8b3e5b3b-5f4a-4fb5-8805-5d9007e619d4,2024-10-28,would,7,28.67,1510
c0876801-ff75-4294-b341-09997f949c44,2024-08-02,south,7,62.58,1355
79411793-e5c0-45b6-b87f-831cb0b8fe82,2024-05-28,example,1,24.14,1486
298fc532-1829-4bee-9628-2498e7d25844,2024-07-09,meeting,6,29.84,1318
c5cc1e56-d85b-4b2f-a5d0-478aebc7c347,2024-09-15,group,19,64.95,1604
88d01078-c5a1-494e-a862-460319711ff7,2025-04-30,truth,17,28.39,1184
555faf51-665c-452c-8a8e-3511886e12ca,2025-01-11,pay,6,19.75,1680
27c4a578-e4ca-4dd2-8fc7-3e4773d3550c,2024-07-04,market,12,36.79,1948
952dfaa4-0817-4aa1-93c8-c9c99c6fbd56,2025-04-19,series,19,51.94,1733
90449694-519a-4d57-809d-83417bb82e82,2024-09-22,him,8,93.64,1062
bfd27f23-3190-4f6b-a869-68217869366b,2025-03-01,without,20,22.11,1739
4192776e-16c5-4759-926c-6f2a06e26c8d,2024-08-02,allow,20,63.8,1219
ef90b100-4f63-428f-96e3-3409d74f123c,2024-09-04,Mrs,10,55.91,1214
3233db58-9d7a-4416-84a8-75c7b63a9307,2025-02-07,idea,14,44.84,1106
5bda0b17-7a8f-4be5-9748-153634356a30,2025-03-20,certain,3,62.93,1162
2a8389e4-2af6-4388-b2d9-d8d3faf8ca75,2024-11-07,and,15,93.53,1072
1f8eab87-6b39-42cd-a970-8b60976141e8,2024-11-22,moment,5,62.34,1638
4ec253e3-e7cf-4314-9bcb-5478de274020,2024-07-17,almost,6,73.62,1714
dbabc431-f0b5-476e-8d64-e6bbe6ad47a6,2025-04-29,us,1,19.59,1769
6f848881-2dfe-4119-9280-6929faea6a98,2025-03-15,Mrs,7,81.04,1106
88206bbc-13db-4c05-b8b5-c6b30867a1fc,2024-09-30,summer,5,62.48,1574
185f308c-862b-40a9-98d5-46a40f394e31,2025-01-29,right,6,98.88,1162
2d3c072f-6daf-4984-addc-e829c5723004,2024-11-30,detail,12,26.01,1132
27672552-2071-4aba-9af7-41d86f0b6606,2025-05-08,exactly,11,79.55,1439
1c11dca4-f3da-4ed5-aac9-6ec5c0f6b86c,2024-10-31,anyone,9,55.64,1307
e7f3d0cc-600a-4db5-a333-772784730bba,2024-08-27,generation,12,68.57,1529
de03d304-ef3f-455c-afea-3d6924b862a3,2024-06-21,senior,6,41.01,1131
7894891f-b322-4940-ad41-b95cbd6ac916,2025-02-20,treatment,5,32.24,1435
6f89eca0-1be0-46bf-83af-c7df9e970ca8,2025-02-05,organization,15,12.99,1944
121ea7ee-b35a-45fa-a854-e41fbdc04a31,2024-05-24,however,12,40.68,1048
e40a46d7-9b03-459c-8638-a56bd4c58f07,2024-06-03,option,12,24.07,1281
9a5025de-2e57-4edd-bed7-31a9d5378757,2024-08-04,few,17,55.0,1784
0a4b159d-7180-4583-b360-f490abf5c8be,2025-01-05,since,18,45.92,1839
507928ce-4687-4bfa-b35e-64113066dc8e,2024-11-19,happy,16,94.54,1287
91bb19af-978c-4607-b468-23d6d96ad570,2025-01-17,else,4,99.9,1654
c34f7605-66f6-4a0d-9044-f68a39c59955,2024-05-16,foreign,10,45.93,1866
bc20915d-d6bf-4d0f-84b1-7ccc0e723465,2025-04-10,fine,1,17.63,1621
59f24c14-ea83-4629-ac62-a3f6408dc66b,2024-07-26,happen,7,51.36,1922
5cbacfed-8a42-4277-bf8d-3d4fe1f17b12,2024-08-14,last,11,43.77,1871
c31786f5-4719-4e85-9649-c818c0c81ac3,2024-09-11,world,18,95.22,1300
0f4e873c-7e34-4aa0-87f1-6385d7624fa6,2025-02-10,edge,2,13.5,1160
15e14647-1080-4e05-b32e-35adeb18147a,2024-10-15,point,13,29.6,1502
e953b626-8bab-4106-942d-492e101620df,2024-10-24,guess,19,19.98,1867
0a84dc44-b465-4d98-8aef-6a324c59a842,2024-06-13,action,5,83.0,1730
8ba523cb-15c1-4028-ac58-b624e7d8a44f,2024-06-06,but,3,35.64,1678
18e92ec0-8716-4d8c-8772-f7d0e26108d6,2024-07-03,once,3,11.12,1744
38300f45-c23a-469e-b562-09299943c06c,2024-09-02,economy,10,34.23,1849
4d7ce424-8dc1-4dea-854a-b70a12e7717d,2024-10-12,few,13,74.39,1714
545c174d-c21f-4ce4-9fc2-190cce106967,2024-06-29,skin,7,6.85,1506
7d015955-a1fa-4d20-bcb7-731378188c82,2024-06-08,production,9,15.95,1623
10a54469-5a44-41ff-8272-38e55370afb8,2024-09-27,discuss,6,29.69,1316
4b3ed06f-39f6-46a0-aa21-85333af6c7c9,2025-03-07,those,18,27.91,1498
956fd079-2489-4658-8892-f2c091c16635,2025-05-08,war,15,32.3,1753
fa1741fe-f99d-4885-ad37-d7766e5f21bd,2024-06-08,serious,4,37.12,1572
d8d5abf8-6a1e-490c-a428-ca6920ea6595,2025-04-20,simple,3,13.77,1480
95e54287-139e-49f1-bdab-7ca40e259053,2024-11-07,it,9,67.52,1397
407bdf38-609b-429e-aaff-57dd3eb481b0,2025-04-16,resource,7,89.33,1563
5490a5e0-a6ea-4cb9-98c7-d7d63900d128,2024-10-05,light,20,14.07,1380
ded893b7-b0de-4a3d-9eb5-5a8e90decf3b,2024-06-14,up,5,19.79,1106
d1daab6d-104f-4f43-8dc9-4eae7694a7ae,2024-09-14,degree,14,46.99,1028
eff0af8e-2588-4423-9a09-003f90bf4551,2025-01-15,both,6,45.86,1800
40510bc2-adc0-4bd8-ab4c-7d0ac301b45d,2024-10-25,recognize,14,71.53,1857
b4e5dd3f-050e-45a4-92e6-100c76fca0f9,2024-11-19,energy,8,98.13,1083
e21eb349-60bd-4321-bcbb-91aa7fdb6387,2025-03-17,can,14,60.96,1949
aca8e24a-6727-48a3-8f41-4481c8f84360,2025-02-02,should,8,54.6,1945
4e1ae231-cc3e-4047-a9b3-474cf10e5869,2024-06-10,particularly,10,41.4,1645
2a337ab1-eb39-4119-a358-5b99ee7a04dd,2024-07-08,consider,6,62.92,1911
25e73e39-c987-427b-8211-56aa228e9bc0,2025-02-24,teacher,12,26.26,1680
875cfad8-d79b-4394-9bed-a9a87716d202,2024-08-03,point,17,21.97,1882
56af1de5-b7d4-4288-8f85-e25d97b0f065,2024-06-21,defense,6,76.95,1859
83a7bf1f-0e66-4ebe-8ad6-e30ba369f244,2024-11-13,nearly,4,83.23,1527
4dc60f11-53ec-45e0-8328-11410baa5ef1,2024-05-23,task,16,29.7,1759
29c2aef0-7f43-4a8c-81b7-6dd1c7c65e18,2024-07-25,moment,15,47.72,1281
eb67452d-68cd-4a42-90d9-0c42ea818f76,2024-10-18,then,20,78.35,1383
aee32cf4-22ad-4ca7-9614-bdbf5cafb861,2024-12-22,know,11,74.17,1186
23d96525-740f-4f50-b63c-6badf733e474,2025-01-12,behind,5,64.28,1642
cf1ba823-4cd5-428c-93fd-eedb2b1f5dd9,2024-09-26,attorney,20,76.33,1494
5bdf64e1-9f23-451c-8f68-3c4000216b05,2024-09-10,glass,20,46.33,1069
0a4d0ddb-696f-435e-936b-048be513a736,2024-05-26,medical,12,70.76,1584
9f2b529b-6aa9-4a7e-8b06-19fb0bd1a1c7,2024-10-21,popular,19,19.83,1704
6a057a3e-c924-4bee-b272-ee48a4d5492c,2024-10-01,well,7,45.1,1826
e611463c-1160-4f3c-b093-a175bdc511a2,2025-03-13,whose,5,81.23,1573
618f21b4-69e1-46b7-8f0f-98eafead9922,2025-05-12,research,4,9.13,1314
29ae0421-a354-4983-9eb7-8603a4452852,2025-05-05,hour,12,5.68,1436
27cbeefe-010f-42df-9f5a-ae3e643be1d8,2024-12-20,long,6,48.09,1562
2f1459a6-75ef-4347-8695-3b0ea6e235c5,2025-01-16,wonder,4,51.36,1952
f76842ec-8223-4c35-8e90-e4b2e92e7800,2025-05-04,keep,1,56.54,1143
c5bf030e-8604-4eab-9f41-ef08bf44fdaf,2024-06-17,benefit,1,33.65,1816
71993b96-02b7-4e35-9059-0daef4a390de,2024-10-31,you,13,73.27,1188
dddbbd87-9b24-4aa5-8129-6b2e09092caf,2024-12-19,mind,16,19.45,1088
bd5fae09-ef09-4864-ad0e-180295a80718,2024-11-30,certain,19,76.56,1028
541fbae3-9e27-42a7-a2f6-a2a4c504b6bd,2024-09-03,customer,15,46.01,1406
38ebca9a-9af1-4d4f-9171-f09248c367e9,2024-06-28,away,9,21.88,1264
f73eaca2-2a21-4c83-9c78-7e62a59cdbd4,2024-11-10,marriage,19,39.37,1883
05bd294d-c1e9-4ff4-8c05-a2a72e25086e,2024-08-31,Mrs,11,82.39,1178
2d215524-246b-4b39-9c6c-97f5f9ab2541,2024-07-19,career,3,20.24,1799
dc9ad543-d39e-4b77-8360-53942f975aca,2024-12-27,already,19,15.19,1647
6b7a460b-669b-46e4-859e-0ff7159023ca,2024-12-04,source,17,10.25,1936
6055bbb4-ba6f-4af0-9679-5e245340dcbe,2024-11-22,the,11,59.13,1244
61756c67-d1ea-4ed8-a380-da0c026b2ade,2024-09-26,degree,14,97.63,1370
93299174-2325-416f-8397-b682106a08d2,2025-02-01,professional,20,9.28,1402
e4f2d379-869f-47cf-949d-ce955afbda3d,2025-01-29,often,3,73.85,1161
d6de8055-dd24-4d08-a7a8-50c88c14dbd9,2024-08-22,whether,13,74.16,1438
0de85906-d19b-4af6-ad1d-902e03cb8c17,2025-04-01,environmental,20,40.56,1961
9fe90b2c-c82c-4202-8ec0-01d5d84d6228,2024-12-18,doctor,5,90.11,1520
cb5cde23-737b-44b9-bd18-8e44bbfa2b64,2024-05-21,cultural,12,71.54,1794
35b03c52-b4cf-4184-a390-d8f42be760de,2025-03-31,service,4,8.28,1058
44247583-bb36-485b-bc4f-d764a728251b,2025-04-21,enjoy,10,78.89,1585
fd92db40-cb60-41f0-a72c-74c17564d051,2024-07-29,quite,14,16.08,1067
d91cb27c-4b8d-40c8-9415-80db5f573c6d,2024-08-21,college,9,46.4,1138
d1b24aae-dc5f-4b5f-8330-51b931d3dadc,2024-12-16,bed,19,95.67,1167
3f5675a8-a1aa-456d-8838-e7e8251b2b47,2024-12-15,collection,5,21.62,1427
f3b0dfac-a7a1-41d2-9330-0882cab003f6,2024-06-30,the,6,46.19,1831
3aca8a29-8d34-4813-b20a-31833606299a,2025-05-07,part,5,47.92,1426
22d7f0ee-e3ee-46cb-8582-911028fa1d41,2024-05-31,especially,16,84.12,1350
96c5216e-2f3d-4f34-9154-a6606a18cf57,2024-12-26,art,7,14.78,1493
259d1932-8fcd-42d9-a8f9-be553cca1d0f,2024-06-01,continue,9,45.19,1022
74175ff3-5300-434d-bd5d-64ac618246c1,2024-09-16,reduce,3,47.14,1323
d2cb9c42-6495-4392-aedc-13e216a3986d,2025-02-14,its,15,30.32,1606
c7b4f364-f837-4d4d-9ecc-3129c36246c3,2025-01-14,must,10,94.73,1653
f6439017-e666-4f17-8c5b-66bd81fbe341,2025-05-06,left,11,37.42,1243
f0121757-067f-458c-9664-ea08b70662c1,2024-07-31,long,8,96.27,1228
9826f974-55e1-41a5-8abf-5fa2471c7fed,2025-01-15,heart,15,8.8,1553
8a9404d5-ce84-400f-a433-dc75d5e035bc,2025-03-30,weight,2,69.88,1722
085545ec-53bb-4ec4-ad62-36c42897a98a,2024-10-06,scene,12,10.87,1117
ff9ea684-d00b-489b-a1bf-c7981fdd15db,2024-06-23,both,19,34.98,1375
f6d8dba6-327c-4e61-829d-27c99d200412,2024-09-14,support,19,6.86,1618
848ff845-2ff6-4973-9af6-e1ccc4ca4924,2025-01-15,happy,12,13.14,1011
e931222d-4565-4c2f-9b99-b92c1e0fe383,2024-06-05,organization,2,35.88,1790
8293edcd-77a1-4de0-a852-95d78cb1c71e,2024-07-24,senior,9,80.47,1336
c9203cb1-5f7c-478c-85bb-83abcb575d3b,2025-01-10,chance,8,47.26,1326
9f18cd52-da28-45f6-87cc-fbe3525d2eb5,2024-10-24,keep,19,73.31,1557
3e1b62e5-9bac-440c-a37b-2953599791fa,2024-05-20,easy,1,72.31,1767
57f2a751-be34-4ec5-ae7e-7acf61469995,2024-08-19,catch,11,45.82,1250
b6e79beb-c90e-43c7-a36d-992fa6fcaf60,2024-06-24,arm,15,70.32,1516
163d25bb-12f1-4d8f-8c8e-ef66d3271eb8,2025-03-09,new,17,6.91,1998
0e3fd7d3-0166-4486-947d-e6a0b6bd0b44,2024-08-29,offer,19,65.03,1338
b7ee964d-581a-4eb0-8bb8-941103ed5f3c,2024-11-19,fund,12,35.04,1267
462b7bfc-12ca-48a3-be12-aeb193cc89a8,2024-11-22,cold,4,12.48,1871
833eb05c-e91f-44d8-ace0-32d6b6ab9277,2024-05-19,make,3,11.1,1038
c66a5805-0d94-452b-8f2c-967df00697ff,2024-10-28,lot,16,63.43,1550
f6eab31a-e1b1-4f4d-b66a-9eb951fb0f9b,2024-08-04,describe,20,29.12,1170
290ffeaf-2f47-4fbf-8e0b-88e61d46d96f,2024-07-08,impact,17,24.85,1468
82514fbd-32ec-4a2d-8452-976cf4e7ab77,2025-04-03,story,3,11.31,1485
b442351c-a3f0-4739-8e67-e5f1a486beda,2024-12-26,these,2,13.94,1783
876b7784-76b7-4caf-82a2-6edbce7f1050,2025-02-02,side,14,36.1,1844
b3487fbe-95cc-4b46-b9cd-cddaa058166a,2024-08-22,treatment,3,26.06,1772
c864c009-b13a-4654-854e-9a4ff911f8ca,2025-01-27,nor,19,17.67,1079
e16c5a5b-fdc0-4e77-aa8c-ad0fb87b3de4,2024-11-01,newspaper,11,87.18,1599
8c4ed05f-d271-4e73-91e2-2f4bbe91307a,2024-09-05,arrive,5,43.18,1609
e045f755-794f-4a8f-bef7-d258d7fbff14,2025-02-27,never,10,66.42,1420
7f43bbc1-8988-497b-9790-e6977f75cac4,2024-09-23,street,8,39.85,1471
113831f9-47fa-4e0b-841e-031243c40a5e,2024-10-08,small,5,98.14,1834
cf97a6de-2963-405c-b671-05ee61be437c,2024-09-25,step,4,10.05,1249
c382b912-a685-4502-b127-249c96bf23cb,2024-07-31,enjoy,6,11.28,1586
796bc97a-a419-422e-99ba-9513a7312751,2024-08-20,hope,11,25.44,1494
ac1bc039-9dad-4e57-868d-0ebd939f2e04,2024-12-29,close,3,48.16,1911
3f03a54d-a90b-42f3-bf64-22995affe3e6,2024-10-22,decide,8,42.14,1703
eb8aea82-2eb1-42b8-b6c0-eca382c1264f,2025-05-04,perform,4,6.69,1978
db437c08-bd64-41a3-85d2-d375dd9e38b4,2025-01-12,bring,13,45.32,1644
79fa0399-1e59-4d3b-beac-541ed56eab09,2024-08-30,compare,4,72.53,1193
e218aa82-da7c-4f78-ad39-cc5b063234f2,2024-07-01,ahead,4,24.53,1602
477c2faa-0893-49a2-a686-4236d13f4fc1,2024-07-14,also,8,55.11,1025
d045ca48-6091-4467-bd61-12856ce1b911,2025-01-14,whether,5,52.81,1084
d50b8392-2149-4776-ab02-ff7fa412e73c,2024-12-29,easy,4,73.89,1276
5fda97aa-ae9d-4c2e-b8db-bb2671759a2f,2024-05-22,hit,17,85.3,1543
f1e5f89e-7d4f-41e3-93fe-0e62e57f7dde,2024-11-13,number,12,59.37,1957
316b92a5-bdcd-49ed-a304-02bae957de93,2024-09-12,above,13,9.08,1341
8dca8cdf-4349-48d1-9a08-31c66e3feeee,2025-01-23,that,17,12.24,1597
a46fe994-a3ae-4f7f-9b0c-35807663ec15,2025-03-31,its,10,32.48,1448
71c5c8db-dd4c-4c70-bb32-96e53d944273,2025-02-24,agent,10,17.26,1160
96804a82-c8ee-488c-8f8b-a8363ce213d9,2025-01-30,mission,13,37.58,1384
5767311a-7149-4c60-812e-0ab2131012e9,2025-03-14,key,10,54.49,1829
293fe456-89ca-4cd5-9a66-9d713db2dd32,2024-06-30,establish,8,70.04,1711
cd30c138-06ad-40da-8b85-12c2a1e4946c,2025-02-18,all,4,67.1,1689
3474da32-c9cb-4d52-b32f-f4282ba4d123,2024-11-08,much,3,63.09,1677
766edd2f-2ff0-4090-a105-7fa2fefbf2f2,2025-04-01,somebody,7,27.36,1598
9beca449-6367-478f-a538-aedec9d814b1,2024-07-30,radio,9,39.42,1217
07194e57-a1da-4a1b-8ef1-49da67fd5c63,2024-05-16,investment,11,76.1,1987
8d8df58b-17c6-4f33-aaf7-c8a146af8cfb,2024-12-10,finally,5,73.21,1426
3443c046-6e5c-492d-bd26-c366fddcb6a5,2024-06-16,good,12,6.07,1738
c93ee4aa-246b-47b2-b1ad-7b48a07e6c7b,2024-09-08,imagine,6,35.62,1419
659779d6-7ca5-47ce-980f-89144bc02e6d,2025-04-12,beyond,3,8.73,1011
bc01458b-2371-4df0-976a-438288ea2fd3,2025-05-06,field,7,16.43,1450
956e52bf-a789-48ec-b8d0-9d7a5ee4c0b4,2024-11-04,herself,12,90.3,1637
b6ad4807-f578-4d52-be4d-7fede063c1b0,2024-05-15,child,3,19.75,1462
bd105431-39ce-41c9-90c8-cd5a14ba480e,2024-12-20,tree,4,89.3,1027
8f8f73bd-42d6-45d4-a310-6011491a5222,2024-10-24,institution,7,6.26,1940
c525c221-a9d4-4193-a9a8-ec6076b1b8e2,2025-05-01,interesting,4,9.44,1875
da6c49c4-2ed4-4ceb-8ee0-42368f1dce6e,2025-05-04,apply,18,68.64,1797
4586a325-7fc3-4765-bff0-8076ff86b6a9,2024-08-07,get,8,80.78,1888
3eeddfc8-e065-44f0-a2e9-487088b38cf0,2025-02-04,between,7,11.25,1654
233da95b-97dc-4527-a1b6-bf2b597be06c,2024-08-06,decide,7,36.71,1561
17398e35-5ab8-406a-b28f-596ef67f67b4,2024-11-29,concern,6,81.39,1366
3246cbf7-de64-482e-a5f6-eb9c416afc23,2024-09-28,place,10,65.67,1014
72e4baff-8033-44d3-925e-530ffee3b715,2024-12-05,run,1,80.82,1192
8c682436-2f48-48d2-8d54-5ea14616af9e,2024-12-18,last,1,29.76,1718
a0d74c1d-2572-4471-84b4-0f396cd30847,2024-09-28,including,8,76.48,1264
281fdf5e-c241-48d5-a3ca-bc179b8ece0b,2024-06-01,feeling,20,51.3,1036
9943036f-bf35-4f69-ab2a-6a6f7247ff75,2024-09-21,character,14,36.59,1854
7a29b2ff-895c-4ca7-80f9-6f75255e1d93,2025-04-30,activity,5,41.35,1203
a2d90c8f-a463-44f4-b09c-749b4bfae0e7,2024-09-13,item,7,92.02,1267
9f9946b3-3f23-4bac-9fde-1179613ce772,2024-09-02,war,4,25.71,1633
dd99ebb3-283a-4fa4-942f-0cf6659d2a65,2024-07-10,decide,4,64.96,1327
3bc67634-21e8-4ecd-b017-f66a08e025af,2024-12-13,dog,3,71.88,1032
8b9b8c1e-a4dc-4c68-a458-bc8503a980d9,2024-11-05,catch,9,21.67,1291
ab043262-a760-4770-bd1c-d665e00d9959,2024-06-29,hour,15,19.76,1526
abeac8a0-207b-4fc7-80de-add5d883f6ae,2025-03-09,seven,7,85.51,1249
cf33f08a-b3a9-4a54-ba6f-6b31bc3987ac,2024-11-02,economy,10,73.73,1479
965e18e5-6e2e-433e-86c2-52381cdf64a7,2025-04-07,worker,5,23.32,1076
c8fe7820-8eb6-4b88-b8c3-f236cf3cac40,2025-01-22,detail,11,49.04,1808
f4a56315-51ea-4fd2-86bd-18b485f7a542,2024-05-22,assume,14,78.7,1745
e0af14e3-68aa-434d-8313-afc32e3a7149,2025-01-19,worry,15,45.74,1260
0aa8d79b-9e3c-4cb9-84ca-02aae2be21ba,2024-12-12,hundred,8,24.59,1901
be8afad8-1d7c-4f28-835f-fdb736b42c2f,2024-05-27,sure,5,40.39,1399
8769fa51-5554-4c8f-828e-6f779ff8f668,2024-10-15,ready,1,83.18,1005
696f986d-aff9-41a6-aa60-76114bb7ecb8,2024-09-26,network,10,95.95,1033
f2d80e38-af4d-40db-b15b-2f5a9a6756cc,2024-11-10,within,1,40.16,1292
ffb9005b-f3a5-4c77-b118-6fca614ab858,2024-08-17,wife,9,12.21,1027
22e3f411-afb5-4476-8d5a-6675e0ee07e3,2024-12-01,say,2,34.23,1421
b95ab888-c80a-4828-9125-8d0ff479b98e,2024-08-16,of,2,20.66,1605
a25757f7-4c0f-46bc-ae9f-f15d93136982,2025-03-29,rich,3,80.74,1615
0ea85742-170e-48ca-be2c-4f338499ec77,2024-09-28,heart,14,58.32,1768
baa05df5-c3e2-4852-ad89-6546a0fe1afa,2024-05-23,grow,5,92.26,1194
2a1b1783-4e06-43d0-afc4-8742f98d4b05,2024-06-03,vote,17,73.16,1741
90cf7bf8-22eb-42fa-9429-f9a176ad1640,2024-12-30,like,18,60.82,1494
8994e539-fca7-40c5-a01d-2dd9ebaf5194,2024-07-05,as,19,43.05,1793
aebb9697-c8e0-409a-aeaf-a4b1391c2447,2024-05-27,concern,20,82.09,1263
45741dc0-0d74-4e8c-bf80-b0cc285afd7f,2024-07-05,relationship,8,25.15,1755
db58a09e-8518-4655-837e-1c035757fc2d,2024-09-16,over,19,17.43,1839
cff5dda6-6a22-42a8-a009-4e33f7826e74,2025-05-03,cause,2,13.75,1433
ba895c2f-dbde-484d-9ea2-1898cd1d4625,2025-02-18,rock,3,58.31,1382
f8c278e8-6599-46e9-86bc-8aefda99eafe,2024-12-13,sell,11,54.15,1886
049def76-a5cc-4a2d-acb9-4d03c18803b5,2025-03-26,how,12,58.99,1282
8614fc87-7fbb-48a3-b28c-e9f4126685ba,2024-10-10,yourself,6,90.11,1654
bd1577ce-c06e-456d-8761-4c6f99756700,2024-06-03,back,13,64.57,1648
3fe10c89-ac17-491d-864f-e897f4a79438,2025-02-11,new,6,97.38,1981
de5350a3-7644-4b01-a545-808f283e2cdd,2024-11-07,opportunity,15,75.4,1031
6eeee5a8-644d-4b53-9650-18a3363ab513,2024-06-30,wonder,8,97.84,1042
f4d13577-cd93-4c83-ac8b-110d0cd10712,2024-09-26,company,4,11.9,1486
0b14b39b-0960-4c03-abc8-4402d329c516,2024-05-30,another,17,23.81,1018
553f7f8f-8364-41a0-9eb3-6cb27d2fa504,2025-04-11,spend,10,50.9,1577
6b18a73b-bf92-4b78-9b1a-fc525751ae0b,2025-05-11,customer,8,80.77,1073
35bdcdb3-7964-4d62-9a42-81536a6d1aba,2025-01-21,person,7,75.77,1606
62c01cbc-ac47-40cc-bd66-b9294b960ac7,2024-09-19,policy,18,24.62,1346
c801b173-efd2-44c3-ba0a-e8eb31f1b4b0,2025-04-23,call,3,86.76,1737
829cf34b-0a68-4c14-b614-30b76dd700de,2024-09-14,pull,4,64.65,1959
8482c659-0e34-446d-9587-3aef3e56a2da,2024-09-23,view,7,20.57,1097
6e881920-ce9f-4f43-b5a1-0e44ef29c525,2025-03-10,glass,14,45.83,1185
d527b8f6-998f-408e-908a-33641cee8938,2024-09-19,season,14,30.0,1163
7cef3a1e-0386-4c61-81f3-c7ad2c0f7355,2024-10-12,son,18,34.13,1332
fd570fed-c575-44c5-ac0c-6ad457048053,2024-08-02,allow,19,45.91,1970
64215386-0d45-4c29-b2b4-b417bc104920,2025-05-11,character,6,21.95,1080
f810b08e-a81a-4fbc-8ae4-5ea9dc826265,2024-12-20,bit,1,24.73,1010
55b6ffdc-e428-45c2-85aa-757dd03516e2,2025-05-14,interesting,15,49.86,1325
66f55821-6173-4a89-8ab8-023628783e16,2024-11-18,dog,14,58.76,1504
a42c4f55-d47b-4888-9545-580b5b5972d6,2024-07-15,it,6,52.68,1383
d5347040-406e-47b9-870c-5c1b71bfc3f0,2024-12-03,event,8,16.42,1975
606aa9bc-0261-4dcb-8276-cbf7ddbed859,2025-01-16,address,10,13.11,1687
2d9bfab6-109b-4ed6-aab2-bca92a9b56e0,2024-06-10,education,4,38.32,1543
bf898aa3-6de5-41ad-ae74-f597ec9f73bd,2024-11-20,step,19,94.36,1055
de96e85f-fcb4-4c21-a730-2df48796a591,2025-03-04,hard,7,62.64,1560
44f67be3-c5f0-4aa1-a71d-7654a070bf1e,2024-09-26,magazine,16,16.18,1670
17a76717-9af9-44d1-a489-054d84c963d3,2025-01-13,fact,17,62.94,1757
441fb7a7-9501-443a-a1cb-8792afdb68ab,2024-10-02,measure,5,48.05,1999
7521c5d2-b26e-4ee7-b3eb-ea8592c042c8,2025-03-02,because,19,31.25,1772
d02b1322-f2ff-4465-9d44-4f5dfb568c5c,2024-10-09,increase,5,44.68,1052
e116619b-bca3-4af7-947c-2efe7f484313,2024-07-02,raise,19,35.24,1710
20121f37-2637-4d11-9386-aa55013a4837,2025-03-05,push,12,56.65,1447
566071c5-18b7-46cd-b249-ec85bd450923,2024-11-25,baby,12,99.91,1979
2b941ed1-7ed6-4147-9aec-b16208c1abcc,2024-07-06,fill,3,93.3,1406
0fa0d3c2-f63c-4407-9c55-563f458c3ae1,2024-09-25,account,13,21.31,1505
15bf9f31-381d-4369-9e4a-2e714b7fe5c0,2024-09-22,provide,15,42.75,1859
f56c9472-d0b7-46ae-b015-65eba77496fc,2025-01-02,blue,3,86.99,1190
ef8ec5c7-ce97-437a-a613-a6c408e35793,2024-10-03,lot,16,54.07,1920
56624dc8-67d7-44aa-af63-6f0b8466dc93,2024-12-31,ground,5,5.98,1743
0749992d-1c8e-444a-807c-6c66c356d683,2024-10-27,movie,20,86.26,1206
39bd454c-af4c-424c-b147-af5856271c42,2025-05-01,financial,2,59.03,1299
b9f5e075-3244-4404-a0f4-5e4b5c96ed6d,2024-08-06,sound,20,66.34,1987
efe87086-244d-4f08-aa44-2d47e7851ffc,2024-11-18,hard,9,16.51,1144
32efe789-7a86-431a-b0e9-b490534fc35b,2024-10-02,around,3,96.95,1106
e5d0cb81-26c2-4226-875e-e573ab1e985d,2025-01-25,own,18,64.5,1919
74c5e0a4-52c3-4d1a-a94b-84fc62aa284a,2024-10-29,pass,12,7.98,1607
c7b80361-ba57-4d88-b49c-9cd65f615f4e,2024-08-20,mention,13,82.05,1753
dc30931c-ac2d-49c9-9e0c-d800ccc43e9a,2024-12-30,his,19,18.09,1436
f246fbad-1928-45bd-a0be-2c7298216089,2025-01-05,put,17,41.73,1597
edf54ae8-f1ba-40d6-8c11-8887d9d10bf4,2024-11-05,everyone,8,82.51,1765
2a67bd38-6be5-4b93-8c62-276e77d78bb9,2024-09-21,rest,19,61.29,1945
d94f1f7c-3ef9-4912-872b-80e6ad54f15b,2024-10-13,become,8,32.96,1314
738d6e3b-f6fa-4dc0-a56d-a2400aa89322,2024-07-04,ever,12,90.58,1455
8616c04a-aeba-4490-b204-2801ab481d47,2025-03-24,enough,5,54.45,1357
12e3c5b4-2150-4dc3-aba0-e546f3bb29be,2024-06-06,morning,15,72.36,1257
11fb7fcd-479f-4859-8b0d-f91c838dc277,2024-12-16,suggest,14,19.45,1036
cbe26c1a-7236-4e2a-a54b-52f03d51eaeb,2025-04-04,safe,8,16.98,1762
794afef5-d272-43bd-9bc6-6741ce8df61f,2024-10-21,enough,1,89.24,1216
644cb141-8d33-4452-807c-5802158b9461,2025-03-30,meeting,4,63.51,1743
d2bd6b6e-a2f7-41c2-afce-25ae7064ad89,2025-04-30,receive,20,88.16,1322
1e73312d-9644-4d97-b8f8-77de7963d96d,2025-04-05,art,16,53.48,1212
7ae24274-5531-4e8c-ae9a-8041dca52794,2024-09-02,suffer,10,53.01,1742
df6b85b8-b907-4994-8779-2110a0f57da0,2024-09-20,tax,13,89.88,1716
18d63e86-d9f2-4321-b0bd-7be50e4d7159,2024-10-30,fly,17,5.57,1590
867f9c79-4533-43c4-ad7f-1b6954bf4590,2024-07-23,skill,14,70.27,1022
ae88ece2-ca0d-4ead-a980-f145cdc82e77,2025-03-19,yes,2,19.19,1083
685e5bea-4d1b-43d0-97de-ba179334e29d,2024-06-03,difference,16,42.57,1159
3bd0b98d-3d02-45f9-9eed-d15e152a1e08,2024-08-20,stay,6,85.46,1603
125ec62f-1b64-476e-bec8-6c408cc2b3e7,2025-02-26,boy,2,28.5,1142
2b5f571a-ac04-4a47-9b1c-87d3721d17d7,2025-04-24,cold,18,58.07,1414
3ff69fe4-b197-4f66-9436-8934df9a7566,2025-05-14,mission,15,54.38,1211
8afde3a8-d8bf-428b-b15b-59729a7d6195,2024-12-22,water,8,34.78,1557
95b36ede-56f9-4331-935f-e1ec72328b11,2024-12-04,easy,12,67.22,1265
eeebe7f5-42af-4c4a-97b2-d94d6b4c4ceb,2025-02-26,raise,4,94.7,1953
301c1da0-a6dd-4226-9d2e-66d0a03c7139,2025-03-28,who,5,58.68,1865
f66a8d87-b5d1-4ff4-9b3c-d2ccfc543d2d,2025-02-05,color,14,32.6,1588
1afc8b95-280d-4f90-9d81-a964785d2702,2024-06-29,amount,9,78.06,1783
6695ddf6-e687-4362-b936-471bc57339d9,2025-02-11,improve,15,30.82,1277
f359daf3-3c41-4c6e-9261-3ab717db2ccd,2024-12-11,past,14,57.05,1534
6ba5f618-53f5-4e60-b23b-f8d09b53d819,2024-05-20,stuff,13,49.41,1686
3d842cde-459d-43a7-a66a-99170842dc1a,2025-02-06,special,19,68.18,1560
ae743d61-c746-4a39-b9f9-92f785f44aed,2024-10-31,face,16,75.54,1368
43117ca2-cc9e-4c6e-a3f8-952fa6380200,2024-07-01,raise,13,67.03,1215
53011978-234e-4653-b606-21f1ad41dfca,2025-01-20,performance,18,55.97,1985
120d7009-78da-44fa-8233-4535b1abdefe,2025-03-17,sport,4,81.57,1671
d7e5b464-1395-48c1-835e-c8a58a0e11f4,2025-04-19,audience,14,61.6,1122
0ad0fce4-4510-40ab-9be9-804315c5db7f,2024-12-09,store,5,97.43,1646
84a44d28-521e-412b-9c91-e2c9b58a7e75,2024-12-23,stage,9,97.19,1513
756638c6-3dbf-42da-bcfa-a6893c63527e,2025-04-20,prove,11,47.48,1971
3b925112-3e4c-4f36-8020-d2a821248fdb,2024-06-05,where,16,78.59,1791
b7f2d2a6-029f-4084-b726-348e752d68b2,2024-10-25,beat,7,66.28,1615
c5b31b3a-724d-41bd-bac9-712e5eb3e959,2025-03-15,doctor,20,53.2,1030
4b88b2e6-a361-4645-bf65-58e02f3f5ddb,2024-07-25,give,12,12.86,1522
bd03312d-2fd1-40d4-a80a-af622cfb815a,2025-04-04,his,15,20.8,1562
648fa527-c6c9-4aca-b81d-5ef7daeaedeb,2024-07-13,rule,13,23.99,1663
58ed5314-3702-4757-9171-25c39e1c782e,2024-11-15,stock,10,65.49,1080
6f126dde-0e0a-4331-a5c2-210d2fd8b734,2024-11-26,against,5,93.8,1769
ea511f5f-8074-44ba-b0ed-8dffcbcdce05,2024-07-25,begin,3,82.0,1579
9451a6a2-f997-4a88-a0f4-adbb055985d5,2024-10-27,space,12,49.73,1904
c5e3cbd3-ce10-4d6b-a374-e312c6a96693,2025-04-20,draw,11,34.24,1597
3191fd31-ed22-404e-bf56-073cabb84d2c,2024-07-12,subject,4,49.47,1809
6afce8aa-aa13-483a-a126-2738e4688385,2025-05-08,six,1,59.52,1344
3e602434-bd13-4956-961c-4d9c8515f885,2025-04-18,year,4,75.8,1209
1de8a8a7-b265-4a2f-9db9-23faca684bc8,2025-04-02,real,16,25.36,1694
ccca8a41-abcd-4ca8-b002-5bce38c8eb18,2024-12-03,north,2,87.71,1048
c6537913-ed9f-492d-a29d-82b2cf854aa9,2024-11-27,chance,3,67.3,1339
8f1caef9-f3dd-4ae6-807f-da0b5d47f0af,2025-01-17,research,7,45.01,1949
e88bcb22-6eb8-4106-9786-c5ed04d1c409,2024-09-21,art,15,41.3,1758
fc15afe9-b3f7-42d3-933d-2727a5fb4ac6,2024-10-23,also,8,50.82,1641
4a33e518-03f9-4459-8c0d-37e5b55974ef,2024-11-04,factor,5,49.45,1157
de545dec-7533-4a07-b039-2fa6770ad162,2024-05-21,near,17,72.19,1278
76954e70-281c-40a4-ab50-b3c5c1233789,2024-12-08,house,19,27.93,1344
a7ba58fb-036e-4282-9b53-dc9ff881d93e,2024-09-19,couple,18,29.23,1070
53d01104-31d7-4c5a-af2e-0b1887be7680,2024-08-27,one,13,27.4,1532
dfd3df02-2f97-4f6e-9299-2b1cb678ea97,2025-03-09,budget,16,63.41,1304
716c7136-a477-4d96-bf22-bff984678fab,2025-04-14,trade,14,20.65,1102
360492e6-2162-4e84-8935-be3b04228206,2024-09-14,bank,17,31.05,1892
01ea440b-79cf-4d35-a12f-55af8ba9b6c6,2024-10-17,better,1,23.55,1736
29ae063e-1be4-4ec1-b059-3c0053dbb9e2,2024-12-17,describe,18,53.78,1979
beeaa865-e251-4a56-9eec-3a0350078a4a,2025-01-02,Congress,8,25.0,1502
a8161b51-2d57-4fb7-b500-9c5f74babe05,2024-07-21,space,14,56.89,1079
b7e8f9c1-e662-4fc5-8a21-807b8e2a497b,2024-12-19,travel,16,99.8,1685
e35a662b-d9d1-4652-ad36-28dfafc1a0cc,2025-03-24,design,13,63.82,1231
4f28f253-7304-4ffa-bf9c-f6d5645b728c,2024-07-01,bill,16,75.89,1859
c3626c4d-14fd-4923-bb8e-541c4f2138b5,2024-06-20,even,16,36.81,1710
30a8c8be-6023-4aeb-b5e5-5a78a76d98db,2025-02-21,available,18,42.08,1603
1c7bad38-19b8-47e0-a8de-11569267dbec,2025-03-01,amount,19,49.58,1568
c99497e0-f7d1-441d-9842-75a9b422afd3,2025-04-17,leave,7,50.97,1923
47ec7563-70dc-435c-a6ac-50a9f431929c,2024-08-08,these,9,41.1,1875
6261381c-48b1-4928-a0df-049a82a56b0f,2024-10-08,least,12,76.5,1918
550756ac-9d0f-4b54-94eb-59a1e26c6a82,2024-09-08,pull,2,6.39,1322
c75cc13b-e613-4cd0-bb5b-f88194c911ba,2025-02-07,against,4,98.92,1912
22b74906-481d-4af7-abb8-b268d394a9af,2025-04-19,process,20,7.48,1409
970cc90d-a980-400d-8ef1-d579fe79b160,2024-07-27,more,9,64.35,1434
2c4108d9-4ba9-4617-9684-1c9c74319818,2024-11-04,reduce,4,12.87,1470
6b582921-a3de-4bc1-90bc-6a49089fb947,2025-02-08,you,10,35.2,1748
1cb0f956-ed70-4c57-9a4c-64f6dc9d1905,2024-06-02,step,9,41.97,1231
56851341-3aa4-443e-8d77-08ae3686f462,2024-11-07,oil,17,84.32,1177
53081fe1-cea5-4559-b101-73a8192c6ca9,2025-03-31,wait,16,64.36,1592
4ab5b910-7020-4efa-8e0b-fd1ed84e5f9d,2025-05-09,support,15,61.84,1388
0cc673a1-2e6b-4cee-8d06-b11f987348ec,2024-08-11,son,8,77.17,1312
96622cf6-acc3-4f1c-81e3-6a00175777cb,2024-12-31,support,7,64.45,1905
2f84206f-caf3-49c5-8e8d-f826cb516f9f,2025-01-27,side,16,88.7,1551
80018c34-3065-41fa-8319-72bfd368c431,2024-10-13,too,2,36.53,1307
a6e2dcdd-87d1-4f93-8399-b6dcd009aff3,2024-12-31,explain,7,49.22,1580
cb9c1b12-85c5-400b-9d8c-2d1738d4e649,2024-08-23,business,10,25.21,1887
545953f1-4bd0-4b51-b823-79bc449de01a,2024-12-28,both,20,67.45,1061
9c29f6f9-9807-4856-9ed8-0f80ee700205,2024-11-16,experience,19,89.2,1562
08284958-c982-440d-8812-bfad476b4299,2025-03-21,us,14,45.3,1480
438e37fe-b6b7-435c-a490-11277d89b669,2024-07-17,note,7,74.42,1189
f4d9c311-8f06-4fd5-a773-f3284f96e78a,2024-07-22,data,6,53.43,1089
aa8bea97-59e4-48ae-b14c-5ba18b35ce4d,2024-12-05,teacher,19,79.13,1169
73483766-df72-462b-b941-7c931fb2a631,2025-04-16,mouth,5,67.84,1730
d9ef8102-ab1f-464d-a301-1d2091fbcbf7,2024-12-18,main,8,50.8,1949
44970d71-3ff0-444c-bc78-06fec17a59ff,2025-04-06,store,12,24.07,1971
aaa3a9ab-e949-4563-b54f-b686a87e74ba,2024-07-15,assume,13,66.52,1550
68a837b7-73c2-4865-89bd-c17f3c512c0f,2024-12-12,arm,11,35.17,1597
3826d602-df11-4640-835c-a0cb9364a440,2025-04-09,box,13,35.31,1317
17328164-9bba-48ab-934b-cc776404a947,2024-08-21,drug,2,54.14,1528
7db1ed4b-0c70-40ea-b771-7a96941df4ac,2024-11-17,child,16,78.4,1217
6d60ba68-9e70-42a8-ac32-363930f91aac,2025-01-01,ever,14,23.95,1590
78916858-50de-4c1d-8f61-8e001a071134,2024-10-06,open,20,47.35,1653
81d69838-3bf9-4fe9-93ea-8fa0e9f9e3a5,2024-06-12,free,20,11.21,1410
638c2114-49f9-45b8-81a1-489c14a1ab57,2024-11-02,think,9,37.12,1550
4a56a3e8-5cd7-4876-9887-d47f6afaa2a2,2024-07-10,certainly,14,88.35,1095
fd306de3-c161-4459-a1b8-e8eb6c0d5c2d,2024-11-23,brother,3,12.71,1583
fa520ee8-67f7-4d74-9354-c7038e75aaaf,2025-04-11,exactly,7,62.32,1820
2430e8c7-0bf5-4bce-b4e4-15fcfd8bc972,2025-05-12,common,17,40.81,1608
d2e39ab9-45b1-44ce-9d83-ff0ef9f1c991,2025-03-05,sure,5,54.5,1559
b193fef0-4c6b-454d-b4a5-b98c27488e2f,2024-08-21,follow,8,91.76,1442
eb28ee22-88a7-43bb-b9c8-044d67f9a242,2024-07-16,help,3,9.47,1158
8f0d62e1-405d-4c78-bce2-fae6982f12bc,2025-04-30,tough,8,20.96,1657
2643f3c3-201f-47bc-ac5a-2c28f919027c,2024-06-25,very,14,14.97,1070
6cdf0d49-4ff1-439d-87d3-d8248bb566c4,2024-07-23,age,10,41.35,1662
dbdb1bc9-1817-472b-bfe7-c333c1e30505,2024-05-19,blood,11,33.87,1213
552ce7f5-0e7a-4bc4-9079-59b7fa2ca336,2024-11-08,care,4,88.02,1433
02ecc95f-a5cd-4346-964b-536d50dd4ef9,2024-05-21,into,10,53.45,1806
9fc7cd4a-0226-4159-880a-eafe9db74d66,2025-02-21,work,1,46.27,1178
e49632fe-3120-4b2f-bbbf-f188b94548aa,2025-02-04,parent,18,65.16,1616
6c034928-ec8a-4844-b028-3b11e99f64e0,2024-10-02,wish,4,72.51,1938
35847b07-31a7-48fc-86e5-185e18ccdbcc,2024-12-09,star,7,27.24,1701
29b9c07a-e704-4fa8-a371-59498f3b5619,2024-08-20,sure,9,90.24,1876
676a34bf-82fd-4ee2-98f7-720e07016c3b,2025-01-22,two,14,13.83,1271
bd0703f2-d6d7-4a6e-94b5-c224f26b1ba3,2025-02-05,like,13,23.82,1804
679da1d0-d043-40bd-8f35-0c1fba8a1593,2024-10-07,onto,2,59.53,1357
353a1aba-d03c-48be-a7b0-0e4c667195ae,2024-05-27,side,12,54.22,1727
c9dc71ad-58c2-42d9-894e-432e3ac1ef9c,2025-04-06,environment,11,36.89,1382
6bac1e7c-738d-44ad-bc6e-13c8c015c8aa,2024-11-13,direction,4,61.8,1160
54bdb089-982e-4737-99ba-7391e48d77e6,2024-08-28,attorney,11,32.24,1074
43baeed6-f111-4d0d-8122-87ffd868f246,2024-07-29,stage,16,87.25,1425
2cddf9ed-28e6-4852-81de-8ebbf5ce4640,2024-10-30,available,6,65.62,1554
31d3903d-cfaf-4bed-89d6-bbbe84d8948d,2024-06-18,dinner,1,51.53,1505
6397e02e-52cd-4119-924e-908f1157ca18,2025-01-02,catch,17,54.23,1413
28b70542-a9dc-4885-ac43-da670bd836f1,2024-09-09,nor,19,47.78,1740
4c94f34c-567a-4d79-b4f4-0dbb10cb0620,2024-06-13,high,7,17.36,1956
1db78a76-fa9d-4c4f-8da0-6b5b378978d7,2025-04-02,accept,4,41.16,1180
90819bfb-2106-4ebd-ace2-f71fb30a61c3,2024-05-31,agreement,8,63.7,1018
ae884c80-b5a9-4ed5-b297-4f5dd6479bf2,2025-01-16,partner,9,81.35,1963
14945c9d-3004-4962-8b94-730dbe8be805,2024-11-20,at,16,56.91,1423
2d5cd5a6-4ba7-49c6-b611-4616793db279,2024-10-06,remain,15,68.66,1488
94dbb19d-99b8-48b8-b8d6-e2b3eec8294c,2024-10-29,institution,9,57.75,1721
7da20be0-74e4-4f71-aa9d-f91ce2866e5d,2024-12-10,drive,6,52.44,1605
2990804b-054b-4b72-af86-871d0b4c3b96,2024-11-16,voice,20,34.78,1389
146fd9a6-270f-4352-92da-982ac6db4062,2024-11-09,data,9,37.31,1232
67dc4a3f-1798-4891-a652-a07686fa95b0,2024-05-18,large,2,77.82,1914
d922b743-9b9c-47c8-8e32-29727fe9f4fb,2025-01-16,benefit,7,31.95,1474
ffa8330b-a0ea-4ae4-a22c-4731ea7ea2b5,2025-02-13,instead,4,18.18,1968
01d85fd5-5b71-4fd5-ada8-078856c13a5d,2025-01-31,interesting,17,85.89,1755
380b4c3f-5ab7-4f8c-a840-f4eccb05d8e4,2024-11-08,write,4,80.61,1807
b51a145e-7688-49fa-8b12-054b785d5ad4,2024-12-23,decade,10,81.18,1600
7c9b9a4b-c928-47af-8245-e6737b4691d3,2024-08-05,another,20,20.22,1255
ae35cd0b-ba35-4249-a5dc-7a1867beac18,2025-02-02,while,10,8.73,1215
9c402abc-4559-4875-8d1d-325972da5d74,2024-08-23,now,9,50.51,1685
70ee6f34-9f35-4e1f-81d9-7f9d234ee58d,2024-12-16,cold,4,61.33,1054
f6af7c5b-ded2-4456-9846-7b941567b002,2025-02-17,eye,19,60.52,1874
166be27a-d4d1-4546-9c8a-3f3d2260adfb,2025-01-31,heavy,2,73.53,1946
5688afff-b2a3-4e93-9871-5aa47ade6681,2025-03-01,race,19,77.88,1348
02058491-7667-405a-927c-72fe6d733b3f,2024-08-07,stuff,5,62.51,1465
37db6144-9128-4463-ab4c-33d15408e7a5,2024-09-08,identify,8,65.72,1022
3c26b6c9-b428-41fb-b320-a2279a774619,2024-05-19,reality,4,17.02,1766
47061af6-25d0-4252-b12e-0c75fdcc1001,2025-01-27,support,19,79.69,1160
fb3f1ab4-3f1b-4140-80ff-480efd7997ef,2024-11-23,car,9,22.69,1902
17aa6da2-c469-46e3-8a66-e0d42a08ba42,2024-06-07,talk,5,78.14,1326
c9e17203-d62c-4651-bf0d-13b47d37b022,2024-10-21,senior,20,8.32,1488
45b669ba-768b-4c65-83d1-acbe3d8a1732,2025-02-26,recently,20,91.01,1355
0755d224-3a1a-4ed6-9ba1-bf2a19dab699,2024-07-02,contain,7,49.94,1229
9457b1c9-fa48-4b6a-a518-95c6d70069dd,2024-10-07,purpose,4,19.62,1781
687be1fe-12bf-4ecc-b9ed-dba32c21f88b,2024-08-22,food,4,92.41,1906
301f4ef0-b40e-44e7-8216-bea31bdfff4c,2025-01-28,firm,17,78.92,1364
a201569f-e291-43a7-8223-06572198d25c,2024-09-18,left,7,7.98,1877
90123908-0b8e-41df-9750-3afbe3bc7be8,2025-02-25,country,16,78.03,1258
6ee0b361-ffa6-42cc-9d97-16585c358728,2024-12-25,defense,16,82.14,1935
80ed7d48-deeb-40e5-98ee-3d92616e219d,2025-03-17,cut,16,88.76,1377
6cbe6f98-58eb-4644-8793-ab4ad9db309d,2025-04-14,later,13,98.16,1312
fe5d239e-3471-485b-8acb-c17335703dbe,2024-12-02,dream,19,27.97,1102
683958e7-18aa-4717-b745-65f1186da8bd,2024-07-27,must,12,65.05,1530
53dd9f21-b5ec-40ed-9877-c959d5aa3686,2025-01-20,line,9,30.84,1243
204dae4d-a6c3-4d4b-88ce-7a08579da9dc,2024-05-21,field,2,73.53,1526
f4b12e5d-ed93-41b7-95ae-99df91f7176c,2025-03-28,ability,4,18.37,1777
dfe9f22e-6372-49d1-8cbc-6d04fdeb9e0d,2025-02-08,measure,7,76.83,1260
fbf454dc-f958-4084-af80-ea3ab977b339,2025-01-17,effort,14,43.52,1457
fc1b7086-90af-42af-a03c-ed4265f2f343,2025-03-25,hundred,8,64.67,1760
68d8c60a-f8db-4146-8255-b35746009347,2025-01-24,fly,15,68.36,1922
d5194de0-07b2-4f87-bfe6-09885f0b84c4,2024-10-05,stuff,5,87.9,1046
ef0184f8-e1b7-4cba-92b2-8ebd94e60bd0,2024-08-22,expect,9,80.11,1845
4fd3523b-32b3-4637-86e0-20d92090a6f0,2024-09-20,figure,2,81.53,1926
6f3313a0-62d6-499e-964f-4b22bbe2a3cd,2024-08-16,product,12,41.09,1830
ba2a3f8e-2260-4067-8903-c43662b1aed9,2025-01-05,parent,15,33.31,1248
88d7d784-22e9-44d7-a21e-2dd8baca1551,2025-01-12,theory,16,44.62,1560
c1773259-81af-42f8-8745-db2f0668f9e5,2025-03-24,mission,18,64.0,1046
79b55f62-0f8c-469d-a02f-b518116fcff5,2024-08-23,class,7,96.51,1254
33011759-1f2c-4878-8a73-8c4dd5f3ce47,2024-07-11,forget,5,57.98,1848
d4516f32-34f6-4876-971b-6acd9512fb1b,2025-05-05,hundred,5,13.62,1406
53eafe29-6f6b-49f5-82ec-ce68202d711d,2025-01-24,include,19,77.11,1009
b56997d8-6409-4d5a-8a78-184b8f48a1a8,2024-11-07,difference,6,31.24,1620
cb6181b5-5d2b-4aaa-a9ba-b24d3ab9ef3e,2024-07-24,security,16,63.24,1050
1957583f-8887-4ad6-892b-d51be60895d9,2024-08-03,themselves,2,22.85,1350
5dcb52ad-4cfa-4ec7-8cf5-a249583228a2,2024-09-22,success,11,81.36,1222
5bcbd345-70c6-448f-8025-a204ebebe28c,2025-02-11,prevent,4,63.42,1269
c6f9e63c-313c-4b1a-9017-0d9e3c583849,2024-08-31,business,8,30.46,1226
75fba60c-63ac-44eb-ba53-cb22175bb9b4,2024-11-02,wait,9,77.12,1004
4dd908fe-1804-4405-8f0d-a1de99d935f5,2025-04-20,drug,11,14.54,1158
0bb88db1-e0c0-4f54-872b-1e3fe50f761b,2024-07-28,study,9,46.91,1012
0a50b986-010e-4999-8b44-af20f4e2b0ed,2024-09-18,use,15,97.53,1923
b5828145-4aa6-41e1-a58c-5bf91c90a7b8,2024-11-29,yet,1,87.08,1724
9b0adef3-4afa-47e4-8aa9-b4f25fd4871f,2025-02-02,ago,15,9.59,1638
daba8ea5-86c3-4e12-a056-bc1da0bbcd57,2024-06-26,likely,4,24.63,1178
240eed1e-87d9-4313-a34e-8dc631cb44cc,2024-08-31,avoid,18,67.74,1474
6a988235-66a8-4db5-8a99-457712bf5459,2024-09-15,sport,20,52.56,1006
f27d5d00-3d99-47e0-ae6a-f3965cc4aa27,2025-04-21,story,16,36.23,1488
4cc85e8c-df6b-47e0-8043-d3fff2d41a38,2025-03-30,knowledge,10,42.91,1184
4a3170ee-6002-45de-b262-c3d6ef036525,2024-09-26,sense,15,6.2,1815
02deba51-a53b-46b3-be63-60cbb04c2307,2024-05-26,rest,2,10.79,1858
4bcb179a-af9b-4139-a7f2-a8979d7b6b1b,2025-04-08,walk,7,55.89,1986
cdf3f133-1ad2-470d-b211-98dda72e6402,2025-01-24,necessary,8,78.32,1578
a6b6c34b-27d5-4d7a-890e-bc8b3bbfa634,2024-11-09,attack,12,82.74,1978
09577cdf-ed67-485a-89de-92e688e9547d,2025-02-11,imagine,9,14.44,1515
39bb1fb9-b6c2-4acc-bcfd-9816aa0e247f,2024-12-10,card,3,55.2,1247
f82dc9f1-372d-4d43-a2c9-90358dcbefaa,2024-11-02,tree,15,90.58,1723
97e7acfa-b014-4533-9ab0-b8f15e2b037a,2025-04-19,prevent,2,85.33,1598
6c65e776-f145-41ea-8b3f-0b72047aa7ab,2024-12-11,shake,3,26.01,1820
caae834f-2383-41ce-bd0b-d26ac05d5056,2024-08-13,wide,1,83.71,1328
b9be3ac9-19fa-4fdc-85f0-408384598dd5,2024-07-26,decide,19,94.68,1928
5c30f100-77f8-4d96-a28b-bae3a327ef5e,2024-12-23,bit,10,11.9,1904
cdee9380-e010-41ad-a674-91d692c78b30,2025-05-14,agreement,20,64.95,1391
dff2d1ca-ca11-48bf-90c4-1a2592604ef1,2024-10-18,down,16,41.45,1069
d5187884-1832-426b-a43e-2be988331de8,2025-04-15,view,11,29.89,1873
03a66069-2ce1-4af4-901d-68eb5968ca0c,2025-04-29,candidate,20,54.07,1767
69fdb765-d9b5-4862-87dc-ec6e79baea65,2025-03-10,room,14,62.18,1441
a6db0e0e-bbde-4483-91f9-281e60b57511,2024-05-25,respond,1,14.78,1451
e2d58fcb-f93f-4a7b-9d72-4be8b588ed81,2025-04-10,wall,8,92.43,1951
f14b4b3d-a08a-4d8f-9193-b59ea3fe2e95,2025-02-02,soon,16,52.17,1022
37ad95ab-42a0-4d82-a893-86226f063905,2024-08-25,hear,17,35.78,1237
d5d152f2-d389-4e40-8a36-679bdd9f9813,2025-03-02,TV,3,21.36,1134
e24b833a-5348-44d2-9e39-3b81818f250e,2024-06-20,total,9,36.21,1988
953e7dc5-d418-480b-972e-a605c9d5bac3,2025-04-26,however,20,83.66,1391
ebd44f3a-76cd-46db-8b89-03a065062c8d,2024-08-21,add,6,88.06,1211
075a5193-42a9-4e30-945c-a661b9a0ee88,2024-11-04,near,4,14.41,1255
cea93097-5f42-4f6c-93b3-774a85b78884,2024-05-19,government,4,82.54,1411
14cd1fd1-db54-4ba2-be55-0480342d825b,2024-07-20,town,14,78.27,1760
9f683749-432a-43e9-a777-9281bd7b33af,2025-04-16,PM,4,32.52,1773
30b7fb9a-d0a8-486e-acf8-a80fb93fffbf,2024-12-11,partner,6,34.29,1118
cf83758d-019f-4d1a-9cbd-f2b446a2c514,2024-08-19,increase,19,65.44,1662
4de91473-dcca-4dbc-b68c-1bcc91bb6ce2,2025-04-01,opportunity,16,18.68,1983
51d5f3df-21e5-4bd0-a1cf-ff4de4ed2ea1,2025-02-07,parent,14,17.03,1544
1d629b06-aafa-4621-8917-81adeb942efe,2024-12-10,themselves,11,39.55,1195
c138b1f4-5265-413d-970a-d1306115022d,2024-12-30,at,3,79.79,1279
a50b0eda-e30c-4aec-8122-e3c956cf010a,2024-07-16,southern,2,60.0,1116
5feee7e9-b36b-479b-b362-99443b90c8c9,2024-12-08,order,20,24.07,1057
2feeec95-49fd-4a3d-9b79-084752e8dd56,2025-02-15,management,13,35.07,1018
1535114f-52e5-4cc5-808a-e8b73819b664,2025-01-27,speech,10,54.99,1056
0d1ff775-388d-47bf-897e-59ba98f610a1,2024-08-20,carry,4,31.96,1162
125127ad-6465-496e-bf3a-8ca7b5a89e7c,2024-09-03,customer,18,71.63,1713
62171e0b-2d12-4c5f-8fc0-cad5c6e9f6ac,2025-03-19,sea,8,69.77,1313
95325802-ea79-4728-8d67-3cbdec1e97a7,2024-11-13,size,3,11.64,1763
ef113a08-b277-4c5d-b00f-60b296fa594d,2025-02-22,anything,1,58.67,1065
ab067f36-70d4-4bd9-9392-29650d1a5d7b,2025-01-06,myself,4,25.91,1260
4ec09718-f08a-4e6f-82c1-c7f5b5dfcee0,2024-11-20,dream,11,8.88,1625
6973159b-9470-405a-aa67-524c95e6fd6a,2025-01-22,three,20,29.01,1716
6d741270-c277-4a56-b6ac-f92eb7c55dc2,2024-12-27,but,12,99.12,1220
86d03fbd-9dbb-4f69-91cc-57a6b7431d5d,2024-08-20,successful,15,48.82,1289
455cc7ea-7e4e-4cf2-a8d4-ee31c4c61018,2024-05-28,against,13,59.65,1899
ec87a863-513c-467d-a753-7b13a28f36ee,2024-10-10,there,8,9.81,1322
c9ef762b-73fa-48a3-8f08-7ab95654ffbf,2024-05-20,high,4,26.66,1469
fab81395-cee6-46fa-9052-e5c5ae93db4f,2025-01-03,skin,10,93.91,1447
14066df7-2c5f-4f83-b512-68cddecef944,2024-12-10,ok,8,42.91,1364
2dd7713e-1bad-445b-86b9-ec7c022960f1,2025-02-07,could,9,39.37,1439
efc97a7d-42e4-4fa9-b259-9f4f4a651c13,2024-10-30,action,10,90.58,1712
6088b006-5cd8-4f62-a80b-e3752d4bc26c,2025-01-27,respond,4,25.74,1590
cb7e2dc4-d32b-4a9d-a4d6-d3ab6878195f,2024-09-09,pick,5,49.56,1144
945d23f9-57ca-42da-8129-95f8f1d7d285,2024-07-16,Democrat,11,13.22,1743
f3221da5-4dff-41bb-91d3-a6b3ab7d0ed2,2025-03-11,cell,1,20.55,1640
e9dc77a6-4861-4a10-9139-837830242717,2025-03-30,fact,3,96.09,1120
990dda05-5050-4281-9446-624960d15dae,2024-07-28,individual,2,40.07,1247
373cf584-1704-4a65-b77c-a67fbf18e93a,2024-10-31,forget,19,31.2,1896
54c735e9-8c93-46d8-847d-21acf1bb6623,2025-04-10,area,4,58.43,1471
247ec509-93f5-4b42-b4f8-ad60b020b85d,2024-12-26,able,5,45.72,1149
16d7268b-557e-4725-8b92-88914ae4a3de,2024-06-07,art,8,28.64,1392
490ab129-254e-4334-955e-ebc6c1aa1deb,2024-08-19,now,12,73.51,1292
bdf229d6-7561-4011-8a9d-d6e4a39e2137,2025-02-27,how,8,14.74,1607
8e7a1a01-11a0-4da4-91c3-2147f4f03d89,2025-02-11,green,16,93.57,1538
1c8b7e48-50e6-468a-b8fd-2ee3d4c2c2c5,2024-12-08,option,5,95.05,1785
823e187a-99dd-46a4-b1cd-4c6b82835355,2025-04-29,he,11,44.25,1236
00e2364c-4a12-494f-8560-137cfd27d261,2024-08-31,surface,17,86.98,1964
dc40f77d-a375-4968-88b7-1f1d204e1d26,2024-09-14,operation,3,56.01,1200
a083f9f8-0d97-4949-a171-b97445b750a9,2024-12-22,agreement,18,85.07,1474
a5c64736-fcd1-476c-809f-c21ee79e9d16,2024-11-12,structure,19,43.39,1343
a371e04e-308e-4349-8e8b-9726df7cb146,2024-10-27,difference,16,59.12,1213
416f8ddf-57e3-46ec-9f8f-f1f9b3d62da1,2024-12-01,medical,18,10.33,1810
b852ae31-bde7-4c3e-88d6-aebe42af03ab,2024-12-08,make,20,96.53,1985
f86ebc3c-30aa-47b1-9a0b-43a8efc5514a,2025-01-27,final,7,41.42,1354
11da3c60-7219-4403-be43-84f5e37f5d80,2025-01-22,level,10,48.52,1409
551930ab-0b71-4809-a342-e8225e973fa0,2024-05-18,government,5,5.11,1327
779a07cf-2915-4b20-9023-8b19d9152387,2025-03-27,sit,7,56.63,1465
67b1a094-271a-45b5-9c42-ae93b83f673d,2024-11-11,subject,13,72.03,1474
8138d41f-2222-4742-8bc3-3dd6e5b31957,2024-09-20,consider,11,9.62,1903
ab5de356-7b41-4a3c-8981-761e11586a38,2024-09-13,nation,10,73.63,1054
1282ea64-d5b7-421d-bcdb-aa82ce4cdc92,2025-04-15,huge,3,8.44,1865
bb8c8bbd-0b7a-45bc-9072-49c4dbf7ce04,2024-09-30,show,14,81.55,1929
e04e3027-78a2-4593-8830-9305f9779c12,2024-06-12,beat,16,86.58,1483
6ddc45ee-791b-443d-8ff2-3631bc6496e7,2024-11-04,condition,8,85.57,1217
385bafc5-dcbf-46d1-a1f5-f3d712f48c7b,2024-11-19,state,10,26.89,1908
11f025cd-d116-4367-89f5-575b6794ff7d,2025-05-02,clear,10,95.85,1164
690d0304-2aac-47b2-81a4-6ef4934d876c,2024-06-14,national,13,77.72,1614
5d532e4b-f3fb-4dcc-8db5-0bb0f6ec2ff2,2025-03-13,only,19,77.35,1988
2bdc36e5-74db-4c99-82d8-eb83131f9ab3,2024-10-03,million,10,58.48,1244
70926cb0-127d-426b-8bc9-82bb1374de31,2024-12-11,grow,15,89.91,1090
f327eb89-5b42-4302-9b75-42a092950a1a,2025-01-15,manage,16,62.73,1090
79c874b6-5255-4f36-ba32-0bcef25bf91c,2024-12-13,very,3,13.95,1769
a5a4e2c9-521f-4636-9533-5981e366b5dd,2024-09-10,big,18,43.59,1907
ee6b3c70-2010-4933-bd45-9c2de33eea9f,2024-09-29,the,3,31.69,1392
a171a8f7-8a84-455d-8838-2a1e2d1bf002,2025-05-10,option,14,97.17,1451
65fc61fd-8ba9-4516-9f9f-a839facf4249,2024-12-27,cut,3,88.62,1537
a63ff017-7455-4e30-8762-e06c9318c99c,2025-04-19,instead,4,44.49,1270
3916821f-a3b3-4013-8273-567ca4c162a5,2024-06-04,late,6,53.81,1971
6b4770c3-6aff-4605-8a74-24bf8867bd9a,2024-07-11,imagine,5,6.42,1667
b9ca301e-0827-45a7-9f21-089544515946,2024-08-12,pay,11,55.67,1830
44bd7787-a74d-4900-9e7b-f3d1656b94f9,2024-10-15,high,15,72.29,1106
dde0a753-0b1a-4134-bcc0-b50f5ac80bfe,2024-10-26,later,4,72.59,1860
5045bf13-7193-4f63-bb7d-74b9889ea4c5,2024-11-25,position,7,47.55,1999
61cb730b-3435-4345-a594-3c64ffdd3bf5,2024-10-22,nearly,17,9.7,1976
c0aa1415-2212-435f-8581-7f618afbbbdd,2025-04-01,wish,3,61.23,1599
c64b09a3-a9d6-478a-b398-c671b4303411,2024-10-20,success,17,96.28,1139
fd6c1f5d-1e37-4669-84b8-05bfe88a74e9,2025-03-21,walk,11,68.28,1963
71941b79-4be5-40dc-886e-cd9910d8a1ed,2024-06-19,buy,20,38.07,1915
4b342a34-fc81-401d-a9c1-5a61d5bc0e16,2025-04-27,item,13,82.31,1277
66087d23-97e2-49de-94f7-2cc5cb386825,2025-03-24,wife,19,34.5,1693
d8523be0-371e-4516-8920-19b224cf08a2,2025-01-14,south,18,36.87,1889
26a5e9fe-f08c-4a7d-8f5a-d73e8aabef06,2024-07-08,issue,7,43.65,1199
d8170937-a318-4a30-a797-76fb3a3cac14,2024-12-19,yourself,11,22.31,1018
12e064b8-3403-4eb1-b88c-364d6762297d,2025-01-04,ahead,9,82.19,1012
5d6ac8bd-0d59-4b44-a678-97ae906bb3b5,2024-07-15,employee,11,49.02,1268
6cc02628-c906-40ca-9ace-f3dcd3a4b809,2024-11-08,at,13,81.25,1895
6f80ff77-afee-402e-a353-aa598c10213e,2025-04-30,no,11,10.35,1805
3a6a5d3f-43a1-46f4-86ae-f6d4fa38a124,2024-11-19,floor,4,73.26,1862
1eb954e4-4be1-4566-8826-8cc22951d34e,2024-05-30,commercial,1,69.0,1622
ead26fe4-bb77-4a6a-b9bb-c36805704bf3,2024-06-11,again,5,20.29,1859
2e80dccf-00f3-473c-ac9f-e75b29209e1a,2025-02-12,company,5,75.02,1017
f4f9f676-e5d8-425a-8210-b8a2078620f0,2025-04-28,become,18,28.75,1839
8e80545f-ac4f-4361-8a67-602405123f45,2025-05-13,book,19,48.44,1241
f76b0c90-fb55-408b-b92e-f8e61f648fbe,2024-11-11,spring,17,49.9,1914
7c53b499-787d-4e59-b7e3-d8988f70d001,2024-09-18,station,18,34.14,1012
fc8656a8-ee8e-4557-9fe1-658b0d1394f7,2024-11-10,determine,10,54.76,1452
651381e0-9ae6-4a01-8954-4d14fe2c2d58,2024-11-22,color,8,54.71,1524
6b27641d-748c-4796-86d2-224e42995bec,2024-08-17,director,10,46.2,1775
a0b8b9d0-32e2-4c09-b5fa-197981353681,2024-08-03,need,2,35.21,1521
9b3abda5-8e24-4876-8e16-189ae729913c,2025-02-11,why,6,23.74,1984
df50a7b7-05c5-4c1e-96a2-2f1ac4e7426e,2024-12-11,argue,18,76.47,1861
28da3e22-1dfc-4be3-beb1-e6dcb2af37b0,2025-03-15,open,10,96.32,1051
80bccc9a-07af-4a62-beac-8ab709a8ec16,2025-01-30,anything,7,18.09,1730
0f5e0cca-37ef-4b6f-be1c-113e68bf8b1e,2024-10-27,property,7,82.68,1726
96b51cae-a150-4850-83cb-bb454da21393,2024-10-24,they,10,67.88,1228
7788b7fa-b4b2-41f6-af7d-6fd34b0a81ee,2024-09-30,break,4,8.76,1787
96ba65b7-6a80-4ec0-a4c3-50d610b3fb8e,2025-02-03,leave,18,74.64,1118
6a120bfc-c9a6-4ecf-8d6a-e9d7fde28c2b,2024-07-06,central,6,55.65,1403
ebe8a0dc-d5cd-4abe-8685-e604c4f8b0c8,2025-04-27,sometimes,4,44.1,1188
bb50755e-794f-447e-9298-05ca15477844,2024-07-09,on,2,89.43,1394
1caa1f27-656e-473e-95ed-6aad7a8e988b,2024-10-02,its,12,7.05,1975
eb50767a-d3ad-41ac-badc-6db3366934b7,2024-07-16,yeah,14,77.22,1903
f731618e-5c3d-4dd6-a63b-6beb64b521fd,2024-12-30,concern,19,58.25,1677
0d72a328-7315-435c-a43e-ff2a94f16ab2,2025-03-02,model,4,26.09,1977
3490e376-da5f-4306-ac04-9c5c0eaabc29,2025-01-13,growth,9,63.51,1044
19ca57c3-7af7-4b21-a440-4a8181baaf80,2024-07-25,ahead,1,21.92,1962
bcd2e746-7edc-4570-9f14-1bcb596699ff,2025-03-08,unit,4,20.51,1974
8fbadf2a-0755-4b0b-b80a-6e639c65cfdc,2024-06-13,college,18,48.62,1411
e62c7d43-0087-4997-a615-6f6e23e216eb,2024-11-23,film,1,78.54,1980
49fa787d-c926-47ff-96a0-3de51048d0e6,2025-02-17,analysis,15,39.89,1556
a3677c42-3cf2-4d55-98c4-9c34509f15a5,2024-10-19,interesting,18,95.74,1908
260794b3-51d5-4377-9386-9e7f0822ebce,2025-03-02,most,6,73.23,1297
3c339045-589a-4221-8293-145bc880dc0c,2025-02-10,or,4,5.41,1026
7484ef64-65a4-4c1e-b9e5-8511fe728ae6,2025-05-01,painting,14,28.43,1652
114e2bf2-ac90-46b0-8f26-cf18447a2a36,2024-12-12,forget,14,57.54,1235
ac066da1-8446-45c9-8a78-c17d49012d57,2024-08-03,approach,15,71.25,1004
a62bfac1-f6bd-4c5e-8b90-72202a9f3de1,2024-11-01,summer,10,56.23,1182
b0a059a2-83ff-41b2-b557-ef8320ffd4cf,2024-08-13,night,13,58.4,1536
93ca1f23-8bc6-42ea-8e1b-87146a7ffc85,2024-06-22,turn,7,14.17,1114
354d237c-cc11-4710-a6dd-b006143aefe3,2025-05-04,young,10,35.65,1127
8ae59315-51ef-4006-9552-279244923ef1,2024-12-05,bad,6,86.6,1495
9e25ec7e-2876-4b28-a35d-443038908bac,2024-10-05,nature,5,15.1,1403
8cb731ac-4b66-4fe4-81cb-71b064b763ad,2025-03-25,follow,14,56.13,1384
a5aab666-b797-41b5-b959-08e14ac4e75c,2024-12-11,inside,20,46.24,1309
80b055c2-8618-4a2f-8212-7e625af5a706,2025-04-12,performance,2,77.94,1245
e2a12d77-5791-4210-9c36-3d77ce01fcf2,2025-02-04,defense,20,17.03,1428
4249e228-29ea-45df-9194-36dce8befcd0,2024-11-15,prevent,7,29.33,1432
65eb814e-ed14-4a2a-98de-81ce5b9252d6,2024-08-16,weight,16,14.71,1042
81b6cb20-9f0b-4968-bebd-d9ad27749d64,2025-02-18,involve,18,71.05,1382
f64a22b0-a5a5-4980-84ca-e788147fde54,2024-08-15,establish,10,58.71,1925
9a5f6616-3052-4d41-b1f1-9439b44e2a1d,2024-09-17,listen,15,93.88,1295
16ee1c49-8e23-4ce7-9c16-59d0052c6cbe,2024-10-15,good,5,75.41,1005
f78ce90c-dfcd-4656-b6d1-672553ec06a1,2024-09-11,away,15,11.81,1365
64149963-c147-47c2-90e4-3bb4215c73cf,2024-07-18,wife,5,87.93,1542
e7f66aed-4764-4f27-9ab4-9caaa052a902,2024-08-15,me,18,44.55,1559
53ff3435-803e-4e6b-b605-5b2d0a900479,2025-02-01,individual,3,11.84,1687
f548997c-2613-414e-aab5-0790f129dd73,2024-08-01,remain,1,13.85,1410
fc805fde-8ca6-4677-9641-10bc7efbf2b3,2024-09-10,help,11,42.24,1234
ae8245f4-b79e-445d-b466-da8c21a6b600,2024-06-16,dog,6,83.64,1976
e7a9021b-fa08-4f0f-809e-605202f42d17,2024-06-04,hospital,8,26.72,1569
2cc1d3a2-77db-44f0-8f89-a7aef4277563,2024-09-10,into,17,81.72,1554
7afc1e38-fd31-4246-94b1-1ed52d4de8e2,2025-04-02,mention,19,62.0,1386
6bba1aa5-6909-4f4e-af77-14ad5b74186d,2024-07-16,newspaper,5,89.27,1322
a2d9529d-2f56-428e-b545-ee03e89d30a2,2025-02-18,herself,10,64.21,1282
3e268cc0-fa9e-4221-923c-b121a91a543c,2024-07-01,trial,6,60.61,1478
f6318cc0-eff1-4640-a0df-84da2f4e956d,2024-12-06,quality,1,79.65,1371
dd98a01d-fce9-461c-a03c-984dccc988db,2024-05-24,already,12,31.04,1298
bfc466c1-612f-460f-ade2-c95c393f0b2c,2024-07-27,social,19,22.95,1564
40681ab3-cbe7-411f-bcef-1ef229f02111,2024-11-17,risk,8,77.96,1901
0d331d3a-3383-4692-9837-ff537eb5bb2c,2024-05-15,today,5,58.05,1604
b39e6f8c-7071-471c-bb34-6cc85d5041f9,2024-10-14,food,2,74.37,1646
d24be62a-afcd-47a5-bc7c-5167f7f15870,2024-10-22,stay,16,42.92,1321
53084230-9ed8-4280-851f-f36433392033,2025-03-27,increase,1,83.58,1376
d72d1760-6f87-4b25-b985-684e7da52ef1,2024-12-03,than,7,59.17,1074
0547ba70-4edc-426f-a9cd-0331e718c132,2025-01-04,course,3,83.02,1257
75967cb6-b3de-4306-83d5-b1293781219f,2024-12-24,measure,5,65.7,1271
74cbe337-d12e-4ea0-aa12-36a261662d32,2024-07-09,miss,4,81.58,1155
c4db0091-5237-412f-96da-12132f811cf2,2024-09-30,series,8,8.9,1311
fde7ad3c-820a-4cef-9bde-edb23ec6c1cd,2025-02-10,why,15,92.0,1065
